VehicleId,brand + Model,MPGe,MPG,HP,drivetrain,cost_vehicle,cost_fuel,cost_maintenance,emit_vehicleprod,emit_batteryprod,emit_fuelprod,emit_fuelcons,Brands,Brandsid
34337,Jaguar XE (2020),-1,28,247.0,RWD,350.0,136.0,99.6,38.0,,74.8,305.0,Jaguar,20
34340,Jaguar XE AWD (2020),-1,28,247.0,AWD,368.0,139.0,101.0,39.4,,76.7,313.0,Jaguar,20
34341,Jaguar XE AWD 30t (2020),-1,25,296.0,AWD,406.0,154.0,105.0,39.4,,84.9,346.0,Jaguar,20
34342,Jaguar XF (2020),-1,28,247.0,RWD,448.0,136.0,110.0,39.7,,74.8,305.0,Jaguar,20
34343,Jaguar XF 30t (2020),-1,26,296.0,RWD,514.0,148.0,116.0,40.3,,81.6,333.0,Jaguar,20
34344,Jaguar XF AWD 2.0L (2020),-1,27,247.0,AWD,475.0,145.0,112.0,40.6,,79.7,325.0,Jaguar,20
34345,Jaguar XF AWD 30t (2020),-1,25,296.0,AWD,540.0,152.0,119.0,41.2,,83.9,342.0,Jaguar,20
34346,Jaguar XF Sportbrake AWD 2.0L (2020),-1,24,296.0,AWD,572.0,163.0,122.0,42.1,,89.7,366.0,Jaguar,20
34347,Jaguar E-Pace (2020),-1,24,247.0,AWD,360.0,163.0,101.0,42.4,,89.7,366.0,Jaguar,20
34348,Jaguar E-Pace P300 (2020),-1,23,247.0,AWD,439.0,165.0,109.0,44.1,,91.0,371.0,Jaguar,20
34349,Jaguar F-Pace 2.0L (2020),-1,24,247.0,AWD,439.0,161.0,109.0,43.2,,88.4,361.0,Jaguar,20
34352,Land Rover Range Rover Velar 2.0L (2020),-1,23,247.0,AWD,494.0,165.0,114.0,44.8,,91.0,371.0,Land,25
34386,Jaguar XF AWD 3.0L (2020),-1,23,380.0,AWD,599.0,168.0,125.0,42.0,,92.5,377.0,Jaguar,20
34387,Jaguar XF Sportbrake AWD 3.0L (2020),-1,21,380.0,AWD,630.0,187.0,128.0,43.3,,103.0,420.0,Jaguar,20
34388,Jaguar F-Pace 3.0L (2020),-1,20,380.0,AWD,545.0,193.0,119.0,43.8,,106.0,434.0,Jaguar,20
34389,Jaguar F-Pace 5.0L (2020),-1,18,550.0,AWD,707.0,215.0,136.0,46.3,,118.0,482.0,Jaguar,20
34474,Land Rover Range Rover Velar 5.0L (2020),-1,17,550.0,AWD,797.0,228.0,145.0,47.9,,126.0,511.0,Land,25
34486,Nissan 370Z Auto (2020),-1,22,332.0,RWD,276.0,178.0,92.2,37.8,,98.2,400.0,Nissan,35
34487,Nissan 370Z Manual (2020),-1,20,332.0,RWD,264.0,192.0,90.9,37.6,,105.0,430.0,Nissan,35
34527,Jaguar I-Pace (2020),76,-1,394.0,AWD,547.0,51.2,84.2,37.5,45.0,194.0,,Jaguar,20
34562,Land Rover Range Rover Velar P380 (2020),-1,20,380.0,AWD,661.0,190.0,131.0,46.9,,105.0,427.0,Land,25
34563,Land Rover Range Rover Velar 3.0L (2020),-1,20,340.0,AWD,546.0,190.0,119.0,46.9,,105.0,427.0,Land,25
34598,Mitsubishi Outlander 2WD (2020),-1,27,166.0,FWD,218.0,110.0,86.3,37.6,,78.5,321.0,Mitsubishi,34
34605,Mitsubishi Outlander 4WD 2.4L (2020),-1,26,166.0,AWD,236.0,115.0,88.1,38.7,,81.6,333.0,Mitsubishi,34
34663,Kia K900 (2020),-1,21,365.0,AWD,526.0,187.0,117.0,48.4,,103.0,420.0,Kia,23
34667,Infiniti QX60 FWD (2020),-1,23,300.0,FWD,366.0,170.0,101.0,40.9,,93.7,382.0,Infiniti,19
34669,Infiniti QX60 AWD (2020),-1,22,300.0,AWD,383.0,178.0,103.0,42.3,,98.2,400.0,Infiniti,19
34670,Subaru BRZ 205HP (2020),-1,24,205.0,RWD,253.0,161.0,89.8,33.2,,88.5,361.0,Subaru,41
34671,Subaru BRZ 200HP (2020),-1,27,200.0,RWD,263.0,141.0,90.8,33.6,,77.6,317.0,Subaru,41
34672,Subaru BRZ tS (2020),-1,23,205.0,RWD,276.0,170.0,92.2,33.2,,93.7,382.0,Subaru,41
34682,Subaru WRX 2.0L Manual (2020),-1,23,268.0,AWD,241.0,165.0,88.6,37.3,,91.0,371.0,Subaru,41
34683,Subaru WRX 2.0L Auto (2020),-1,20,268.0,AWD,280.0,190.0,92.6,37.6,,105.0,427.0,Subaru,41
34684,Subaru WRX 2.5L Manual (2020),-1,18,310.0,AWD,327.0,211.0,97.3,38.5,,116.0,474.0,Subaru,41
34694,Mitsubishi Eclipse Cross 2WD (2020),-1,26,152.0,FWD,211.0,113.0,85.6,37.6,,80.8,330.0,Mitsubishi,34
34695,Mitsubishi Eclipse Cross ES 2WD (2020),-1,27,152.0,FWD,202.0,109.0,84.6,37.2,,77.8,318.0,Mitsubishi,34
34696,Mitsubishi Eclipse Cross ES 4WD (2020),-1,26,152.0,AWD,216.0,113.0,86.0,38.4,,80.8,330.0,Mitsubishi,34
34742,Fiat 124 Spider 160HP (2020),-1,29,160.0,RWD,236.0,133.0,88.0,30.2,,73.2,299.0,Fiat,13
34743,Fiat 124 Spider 164HP (2020),-1,29,164.0,RWD,258.0,131.0,90.3,30.6,,72.2,295.0,Fiat,13
34789,Fiat 500 L (2020),-1,25,160.0,FWD,197.0,154.0,84.2,36.9,,84.9,346.0,Fiat,13
34797,Acura MDX FWD (2020),-1,23,290.0,FWD,391.0,170.0,104.0,43.3,,93.7,382.0,Acura,0
34803,Acura MDX AWD (2020),-1,22,290.0,AWD,408.0,178.0,105.0,45.0,,98.2,400.0,Acura,0
34805,Acura MDX Hybrid AWD (2020),-1,26,321.0,AWD,465.0,146.0,111.0,46.0,80.3,80.3,328.0,Acura,0
34863,Acura RLX (2020),-1,23,310.0,FWD,482.0,166.0,113.0,42.8,,91.3,372.0,Acura,0
34864,Acura RLX Hybrid (2020),-1,28,377.0,AWD,543.0,136.0,119.0,45.2,74.6,74.6,305.0,Acura,0
34893,Cadillac CT6 AWD 3.6L (2020),-1,21,335.0,AWD,518.0,141.0,117.0,43.5,,100.0,409.0,Cadillac,8
34920,Mitsubishi Eclipse Cross 4WD (2020),-1,25,152.0,AWD,225.0,117.0,87.0,38.7,,83.4,341.0,Mitsubishi,34
34942,Mercedes-Benz SL550 (2020),-1,20,449.0,RWD,1007.0,194.0,166.0,43.1,,107.0,436.0,Mercedes-Benz,33
34944,Mercedes-Benz SL450 (2020),-1,23,362.0,RWD,799.0,168.0,145.0,41.6,,92.5,377.0,Mercedes-Benz,33
34952,Ford Fusion FWD 1.5L (2020),-1,27,181.0,FWD,215.0,111.0,86.0,38.7,,78.8,322.0,Ford,14
34953,Ford Fusion AWD (2020),-1,23,245.0,AWD,245.0,128.0,89.0,41.5,,91.3,372.0,Ford,14
34956,Ford Fusion FWD 2.0L (2020),-1,25,245.0,FWD,302.0,121.0,94.8,40.4,,86.4,353.0,Ford,14
34957,Ford Fusion FWD 2.5L (2020),-1,25,175.0,FWD,203.0,121.0,84.8,38.2,,86.4,353.0,Ford,14
34958,Ford Fusion Hybrid FWD (2020),-1,42,141.0,FWD,246.0,70.9,89.1,39.5,1.1,50.4,207.0,Ford,14
34972,Mercedes-Benz S450 (2020),-1,22,362.0,RWD,827.0,174.0,148.0,47.5,,95.6,390.0,Mercedes-Benz,33
34973,Mercedes-Benz S450 4matic (2020),-1,21,362.0,AWD,853.0,180.0,151.0,48.4,,99.0,403.0,Mercedes-Benz,33
35063,Ford Fusion Energi Plug-in Hybrid (2020),103,42,141.0,FWD,284.0,53.4,97.1,42.0,6.82,101.0,96.1,Ford,14
35085,Porsche Panamera (2020),-1,22,330.0,RWD,765.0,176.0,142.0,44.3,,96.8,395.0,Porsche,38
35086,Porsche Panamera 4 (2020),-1,22,330.0,AWD,806.0,178.0,146.0,45.0,,98.2,400.0,Porsche,38
35088,Porsche Panamera 4 Executive (2020),-1,22,330.0,AWD,864.0,178.0,152.0,46.2,,98.2,400.0,Porsche,38
35089,Porsche Panamera 4 ST (2020),-1,22,330.0,AWD,860.0,178.0,151.0,45.9,,98.2,400.0,Porsche,38
35090,Porsche Panamera 4S (2020),-1,21,440.0,AWD,921.0,185.0,157.0,45.5,,102.0,414.0,Porsche,38
35091,Porsche Panamera 4S Executive (2020),-1,21,440.0,AWD,1021.0,185.0,167.0,47.0,,102.0,414.0,Porsche,38
35092,Porsche Panamera 4S ST (2020),-1,20,440.0,AWD,976.0,190.0,163.0,46.3,,105.0,427.0,Porsche,38
35093,Porsche Panamera GTS (2020),-1,19,453.0,AWD,1135.0,208.0,179.0,47.6,,114.0,466.0,Porsche,38
35094,Porsche Panamera GTS ST (2020),-1,18,453.0,AWD,1189.0,220.0,184.0,48.0,,121.0,494.0,Porsche,38
35095,Porsche Panamera Turbo (2020),-1,21,550.0,AWD,1343.0,187.0,200.0,47.8,,103.0,420.0,Porsche,38
35096,Porsche Panamera Turbo Exec (2020),-1,21,550.0,AWD,1434.0,187.0,209.0,49.3,,103.0,420.0,Porsche,38
35097,Porsche Panamera Turbo ST (2020),-1,20,550.0,AWD,1378.0,193.0,204.0,48.3,,106.0,434.0,Porsche,38
35119,Toyota 86 Auto (2020),-1,27,205.0,RWD,244.0,143.0,88.9,33.4,,78.5,320.0,Toyota,43
35121,Toyota 86 Manual (2020),-1,24,205.0,RWD,237.0,163.0,88.2,33.0,,89.7,366.0,Toyota,43
35122,Ford Mustang 2.3L Manual (2020),-1,24,310.0,RWD,234.0,123.0,87.9,39.2,,87.4,357.0,Ford,14
35123,Ford Mustang 2.3L Auto (2020),-1,25,310.0,RWD,248.0,120.0,89.3,39.6,,85.4,349.0,Ford,14
35124,Ford Mustang 5.0L Manual (2020),-1,18,460.0,RWD,315.0,165.0,96.1,40.6,,118.0,479.0,Ford,14
35125,Ford Mustang Convertible 2.3L Manual (2020),-1,23,310.0,RWD,282.0,130.0,92.8,40.1,,92.5,377.0,Ford,14
35126,Ford Mustang Convertible 2.3L Auto (2020),-1,23,310.0,RWD,296.0,130.0,94.2,40.5,,92.5,377.0,Ford,14
35127,Ford Mustang 5.0L Auto (2020),-1,19,460.0,RWD,329.0,156.0,97.5,41.0,,111.0,453.0,Ford,14
35128,Ford Mustang Convertible 5.0L Auto (2020),-1,18,460.0,RWD,398.0,165.0,104.0,41.6,,118.0,479.0,Ford,14
35129,Ford Mustang HO Coupe Auto (2020),-1,23,330.0,RWD,292.0,130.0,93.7,40.0,,92.5,377.0,Ford,14
35130,Ford Mustang HO Convertible Auto (2020),-1,23,330.0,RWD,340.0,132.0,98.6,40.9,,93.7,382.0,Ford,14
35132,Ford Mustang HO Coupe Manual (2020),-1,23,330.0,RWD,278.0,132.0,92.3,39.6,,93.7,382.0,Ford,14
35133,Ford Mustang HO Convertible Manual (2020),-1,22,330.0,RWD,326.0,138.0,97.2,40.5,,98.2,400.0,Ford,14
35157,Audi A3 quattro (2020),-1,25,228.0,AWD,320.0,119.0,96.6,38.3,,84.9,346.0,Audi,3
35168,Ford Shelby GT350 Mustang (2020),-1,16,526.0,RWD,519.0,234.0,117.0,41.1,,129.0,525.0,Ford,14
35169,Ford Mustang Bullitt (2020),-1,17,480.0,RWD,419.0,175.0,107.0,40.6,,125.0,509.0,Ford,14
35218,Lincoln Nautilus FWD (2020),-1,23,250.0,FWD,368.0,130.0,101.0,44.2,,92.3,377.0,Lincoln,27
35227,Mitsubishi Outlander 4WD 3.0L (2020),-1,23,224.0,AWD,296.0,170.0,94.2,39.6,,93.7,382.0,Mitsubishi,34
35232,Nissan Armada 2WD (2020),-1,16,390.0,RWD,417.0,188.0,106.0,55.9,,134.0,544.0,Nissan,35
35239,Nissan Armada 4WD (2020),-1,15,390.0,AWD,443.0,201.0,109.0,57.9,,143.0,581.0,Nissan,35
35254,Ford Escape FWD (2020),-1,29,181.0,FWD,218.0,101.0,86.3,37.3,,72.2,295.0,Ford,14
35255,Ford Edge FWD (2020),-1,24,250.0,FWD,273.0,124.0,91.8,42.7,,88.5,361.0,Ford,14
35257,Nissan Pathfinder 2WD (2020),-1,23,284.0,FWD,281.0,132.0,92.6,45.4,,93.7,382.0,Nissan,35
35259,Ford Edge AWD 2.7L (2020),-1,22,335.0,AWD,380.0,138.0,103.0,45.5,,98.2,400.0,Ford,14
35261,Ford Edge AWD 2.0L (2020),-1,24,250.0,AWD,290.0,126.0,93.6,44.0,,89.7,366.0,Ford,14
35262,Lincoln Nautilus AWD 2.0L (2020),-1,22,250.0,AWD,390.0,136.0,104.0,45.5,,96.6,394.0,Lincoln,27
35263,Lincoln Nautilus AWD 2.7L (2020),-1,22,335.0,AWD,479.0,138.0,113.0,45.5,,98.2,400.0,Lincoln,27
35265,Nissan Pathfinder 4WD (2020),-1,23,284.0,AWD,295.0,132.0,94.1,46.5,,93.7,382.0,Nissan,35
35266,Nissan Pathfinder 4WD Platinum (2020),-1,22,284.0,AWD,394.0,138.0,104.0,48.4,,98.2,400.0,Nissan,35
35270,Hyundai Kona Electric (2020),120,-1,201.0,FWD,261.0,32.5,64.8,31.4,32.0,123.0,,Hyundai,18
35279,Nissan Murano FWD (2020),-1,23,260.0,FWD,285.0,130.0,93.1,42.9,,92.5,377.0,Nissan,35
35280,Nissan Murano AWD (2020),-1,23,260.0,AWD,299.0,130.0,94.4,41.6,,92.5,377.0,Nissan,35
35294,Mitsubishi Outlander PHEV (2020),74,25,197.0,AWD,267.0,85.7,96.4,43.1,9.09,140.0,174.0,Mitsubishi,34
35295,Porsche Panamera Turbo S e-Hybrid (2020),48,20,677.0,AWD,1588.0,156.0,231.0,51.2,10.7,176.0,276.0,Porsche,38
35296,Porsche Panamera Turbo S e-Hybrid Executive (2020),48,20,677.0,AWD,1680.0,156.0,240.0,52.5,10.7,176.0,276.0,Porsche,38
35297,Porsche Panamera Turbo S e-Hybrid ST (2020),48,20,677.0,AWD,1623.0,156.0,234.0,51.5,10.7,176.0,276.0,Porsche,38
35298,Audi A3 (2020),-1,30,184.0,FWD,292.0,98.0,93.8,36.5,,69.8,285.0,Audi,3
35324,Ford Shelby GT500 Mustang (2020),-1,14,760.0,RWD,617.0,273.0,127.0,44.7,,150.0,612.0,Ford,14
35382,Chevrolet Bolt EV (2020),118,-1,200.0,FWD,320.0,33.2,64.4,29.8,33.0,126.0,,Chevrolet,9
35383,Acura NSX Hybrid (2020),-1,21,573.0,AWD,1382.0,180.0,204.0,41.1,99.0,99.0,404.0,Acura,0
35444,Lincoln Continental AWD 2.7L (2020),-1,20,335.0,AWD,543.0,150.0,119.0,47.3,,107.0,436.0,Lincoln,27
35445,Lincoln Continental FWD 2.7L (2020),-1,21,335.0,FWD,525.0,141.0,117.0,45.9,,100.0,409.0,Lincoln,27
35446,Lincoln Continental AWD 3.0L (2020),-1,19,400.0,AWD,585.0,158.0,123.0,47.3,,113.0,459.0,Lincoln,27
35448,Lincoln Continental AWD 3.7L (2020),-1,19,305.0,AWD,424.0,158.0,107.0,46.3,,113.0,459.0,Lincoln,27
35449,Lincoln Continental FWD 3.7L (2020),-1,20,305.0,FWD,406.0,148.0,105.0,44.9,,105.0,430.0,Lincoln,27
35451,Ford Escape FWD HEV (2020),-1,41,165.0,FWD,248.0,73.5,89.3,37.9,52.3,52.3,214.0,Ford,14
35454,Ford Escape AWD 2.0L (2020),-1,26,250.0,AWD,287.0,115.0,93.2,39.4,,81.6,333.0,Ford,14
35455,Ford Escape AWD 1.5L (2020),-1,28,181.0,AWD,232.0,106.0,87.6,38.7,,75.7,309.0,Ford,14
35456,Ford Escape AWD HEV (2020),-1,40,165.0,AWD,261.0,74.4,90.6,39.3,1.1,53.0,217.0,Ford,14
35473,Hyundai Ioniq Electric (2020),133,-1,134.0,FWD,224.0,29.3,62.4,32.9,12.7,111.0,,Hyundai,18
35478,Tesla Model 3 Standard Range Plus (2020),140,-1,283.0,RWD,333.0,27.8,65.3,31.8,25.0,105.0,,Tesla,42
35492,Hyundai Ioniq Plug-in Hybrid (2020),119,53,139.0,FWD,193.0,43.1,87.7,36.1,6.74,88.5,71.1,Hyundai,18
35494,Subaru Crosstrek Hybrid AWD (2020),89,36,148.0,AWD,271.0,67.1,95.6,39.4,6.67,104.0,143.0,Subaru,41
35511,Kia Niro (2020),-1,49,104.0,FWD,216.0,61.3,86.0,34.6,1.1,43.7,179.0,Kia,23
35513,Kia Niro Touring (2020),-1,43,104.0,FWD,248.0,69.2,89.3,35.7,49.3,49.3,202.0,Kia,23
35543,Nissan Rogue Sport (2020),-1,28,141.0,FWD,206.0,108.0,85.0,37.7,,76.5,313.0,Nissan,35
35544,Nissan Rogue Sport AWD (2020),-1,26,141.0,AWD,217.0,113.0,86.2,38.7,,80.5,329.0,Nissan,35
35563,Kia Niro Plug-in Hybrid (2020),105,46,139.0,FWD,219.0,49.9,90.4,36.6,6.74,97.3,87.1,Kia,23
35564,Porsche Panamera 4 e-Hybrid (2020),51,22,457.0,AWD,852.0,143.0,156.0,48.8,10.7,166.0,249.0,Porsche,38
35565,Porsche Panamera 4 e-Hybrid Executive (2020),51,22,457.0,AWD,892.0,143.0,160.0,49.7,10.7,166.0,249.0,Porsche,38
35566,Porsche Panamera 4 e-Hybrid ST (2020),51,22,457.0,AWD,887.0,143.0,160.0,49.2,10.7,166.0,249.0,Porsche,38
35579,BMW I8 Coupe (2020),69,27,369.0,AWD,1245.0,109.0,195.0,37.2,8.79,135.0,184.0,BMW,4
35581,BMW I8 Roadster (2020),69,27,369.0,AWD,1383.0,109.0,209.0,38.6,8.79,135.0,184.0,BMW,4
35589,Cadillac CT6 AWD 4.2L (2020),-1,17,500.0,AWD,847.0,221.0,150.0,48.2,,122.0,495.0,Cadillac,8
35595,Porsche Taycan Turbo (2020),69,-1,670.0,AWD,1258.0,56.3,132.0,39.9,46.7,213.0,,Porsche,38
35597,Mercedes-Benz SLC300 (2020),-1,26,241.0,RWD,438.0,146.0,109.0,38.0,,80.6,329.0,Mercedes-Benz,33
35601,Nissan Kicks (2020),-1,33,122.0,FWD,167.0,90.2,81.1,32.3,,64.2,262.0,Nissan,35
35605,Mercedes-Benz Maybach S650 (2020),-1,16,621.0,RWD,1778.0,246.0,244.0,53.5,,135.0,551.0,Mercedes-Benz,33
35610,Honda Ridgeline FWD (2020),-1,22,280.0,FWD,298.0,138.0,94.3,45.0,,98.2,400.0,Honda,17
35615,Honda Ridgeline AWD (2020),-1,21,280.0,AWD,317.0,142.0,96.3,46.6,,101.0,413.0,Honda,17
35640,Dodge Grand Caravan (2020),-1,20,283.0,FWD,242.0,150.0,88.6,45.7,,107.0,436.0,Dodge,11
35643,Porsche Taycan Turbo S (2020),67,-1,750.0,AWD,1558.0,57.8,152.0,39.8,46.7,219.0,,Porsche,38
35644,Kia Seltos FWD,-1,31,146.0,FWD,193.0,96.0,83.7,35.6,,68.3,279.0,Kia,23
35645,Kia Seltos AWD 1.6L,-1,27,175.0,AWD,224.0,110.0,86.8,37.4,,78.5,321.0,Kia,23
35647,Kia Seltos AWD 2.0L,-1,29,146.0,AWD,206.0,104.0,85.1,36.5,,74.0,302.0,Kia,23
35655,Mazda MX-5 Manual (2020),-1,29,181.0,RWD,233.0,133.0,87.8,29.5,,73.0,298.0,Mazda,31
35656,Mazda MX-5 Auto (2020),-1,29,181.0,RWD,245.0,131.0,89.0,30.0,,72.2,295.0,Mazda,31
35704,Jaguar F-Type S Coupe,-1,22,296.0,RWD,541.0,176.0,119.0,37.7,,96.8,395.0,Jaguar,20
35705,Jaguar F-Type S Convertible,-1,22,296.0,RWD,568.0,176.0,122.0,38.1,,96.8,395.0,Jaguar,20
35708,Jaguar F-Type R AWD Coupe,-1,19,380.0,AWD,718.0,205.0,137.0,40.1,,113.0,459.0,Jaguar,20
35709,Jaguar F-Type R AWD Convertible,-1,19,380.0,AWD,745.0,205.0,140.0,40.5,,113.0,459.0,Jaguar,20
35710,Volkswagen Atlas 3.6L,-1,19,276.0,FWD,336.0,155.0,98.2,46.6,,110.0,449.0,Volkswagen,44
35711,Volkswagen Atlas 4motion 3.6L,-1,18,276.0,AWD,353.0,163.0,99.9,48.0,,116.0,474.0,Volkswagen,44
35716,Genesis G70 AWD 2.0L,-1,23,252.0,AWD,316.0,170.0,96.2,39.1,,93.7,382.0,Genesis,16
35717,Genesis G70 RWD 2.0L Auto,-1,25,252.0,RWD,316.0,154.0,96.2,39.1,,84.9,346.0,Genesis,16
35718,Genesis G70 RWD 2.0L Manual,-1,21,252.0,RWD,339.0,180.0,98.5,39.6,,99.0,403.0,Genesis,16
35719,Kia Soul 2.0L Auto,-1,30,147.0,FWD,167.0,99.2,81.1,33.6,,70.6,289.0,Kia,23
35721,Kia Soul 2.0L Manual,-1,27,147.0,FWD,153.0,109.0,79.7,33.2,,77.5,316.0,Kia,23
35722,Kia Soul 1.6L Auto,-1,29,201.0,FWD,242.0,103.0,88.7,35.2,,73.1,299.0,Kia,23
35725,Volkswagen Atlas 2.0L,-1,22,235.0,FWD,277.0,134.0,92.2,45.1,,95.4,389.0,Volkswagen,44
35732,Chevrolet Trailblazer AWD,-1,28,155.0,AWD,216.0,108.0,86.0,37.5,,76.7,313.0,Chevrolet,9
35736,BMW i3 (2020),113,-1,170.0,RWD,324.0,34.5,69.1,27.5,21.1,131.0,,BMW,4
35737,BMW i3s (2020),113,-1,181.0,RWD,352.0,34.5,71.0,28.1,21.1,131.0,,BMW,4
35738,Kia Niro Electric (2020),113,-1,201.0,FWD,277.0,34.7,66.0,32.5,32.0,131.0,,Kia,23
35739,Genesis G70 AWD 3.3L,-1,20,365.0,AWD,423.0,194.0,107.0,42.1,,107.0,436.0,Genesis,16
35740,Genesis G70 RWD 3.3L Auto,-1,20,365.0,RWD,405.0,192.0,105.0,41.2,,105.0,430.0,Genesis,16
35746,Buick Encore GX FWD,-1,29,137.0,FWD,212.0,102.0,85.7,35.1,,72.5,296.0,Buick,7
35748,Chevrolet Trailblazer FWD,-1,29,137.0,FWD,175.0,102.0,82.0,34.8,,72.5,296.0,Chevrolet,9
35749,BMW X3 xDrive30e (2020),60,23,288.0,AWD,384.0,127.0,108.0,46.1,9.09,157.0,215.0,BMW,4
35750,Mercedes-Benz S560e (2020),64,23,469.0,RWD,906.0,120.0,162.0,50.3,10.2,160.0,193.0,Mercedes-Benz,33
35751,MINI Cooper Convertible Auto,-1,31,134.0,FWD,251.0,123.0,89.6,34.4,,67.5,276.0,MINI,29
35752,MINI Cooper S Convertible Auto,-1,29,189.0,FWD,289.0,133.0,93.4,35.3,,73.0,298.0,MINI,29
35753,MINI Cooper S Convertible Manual,-1,26,189.0,FWD,276.0,146.0,92.1,35.0,,80.6,329.0,MINI,29
35754,MINI John Cooper Works Convertible,-1,28,228.0,FWD,337.0,137.0,98.3,35.8,,75.6,309.0,MINI,29
35756,MINI Cooper Hardtop 2 door Auto,-1,31,134.0,FWD,208.0,123.0,85.2,33.0,,67.5,276.0,MINI,29
35757,MINI Cooper Hardtop 4 door Auto,-1,31,134.0,FWD,216.0,123.0,86.1,33.8,,67.5,276.0,MINI,29
35758,MINI Cooper S Hardtop 2 door Manual,-1,27,189.0,FWD,232.0,145.0,87.6,33.4,,79.7,325.0,MINI,29
35759,MINI Cooper S Hardtop 4 door Manual,-1,27,189.0,FWD,240.0,145.0,88.5,34.4,,79.7,325.0,MINI,29
35760,MINI John Cooper Works Hardtop Auto,-1,29,228.0,FWD,298.0,133.0,94.3,34.3,,73.0,298.0,MINI,29
35761,MINI John Cooper Works Hardtop Manual,-1,27,228.0,FWD,284.0,145.0,93.0,33.7,,79.7,325.0,MINI,29
35762,MINI John Cooper Works GP,-1,26,301.0,FWD,394.0,146.0,104.0,33.7,,80.5,329.0,MINI,29
35763,Honda Insight Touring,-1,48,151.0,FWD,253.0,62.0,89.8,34.4,1.1,44.1,181.0,Honda,17
35764,Hyundai Veloster 2.0L Auto,-1,30,147.0,FWD,175.0,100.0,81.9,33.7,,71.3,291.0,Hyundai,18
35765,Hyundai Veloster 2.0L Manual,-1,28,147.0,FWD,166.0,106.0,81.0,33.4,,75.6,309.0,Hyundai,18
35767,Hyundai Veloster 1.6L Auto,-1,30,201.0,FWD,226.0,98.0,87.1,34.7,,69.8,285.0,Hyundai,18
35768,Hyundai Veloster 1.6L Manual,-1,29,201.0,FWD,206.0,104.0,85.0,34.2,,73.8,302.0,Hyundai,18
35769,Honda Insight,-1,52,151.0,FWD,201.0,57.2,84.6,33.7,1.1,40.7,167.0,Honda,17
35770,BMW 750i xDrive,-1,20,523.0,AWD,904.0,197.0,156.0,48.9,,108.0,442.0,BMW,4
35771,BMW Alpina B7,-1,20,600.0,AWD,1257.0,197.0,191.0,50.0,,108.0,442.0,BMW,4
35772,Chevrolet Colorado 2WD 2.5L,-1,21,200.0,RWD,232.0,140.0,87.6,42.5,,99.6,406.0,Chevrolet,9
35773,Chevrolet Colorado 2WD 3.6L,-1,21,308.0,RWD,245.0,145.0,89.0,44.7,,103.0,420.0,Chevrolet,9
35774,GMC Canyon 2WD 2.5L,-1,21,200.0,RWD,232.0,140.0,87.6,42.5,,99.6,406.0,GMC,15
35775,GMC Canyon 2WD 3.6L,-1,21,308.0,RWD,245.0,145.0,89.0,43.8,,103.0,420.0,GMC,15
35776,Chevrolet Colorado 4WD 2.5L,-1,21,200.0,AWD,266.0,142.0,91.1,44.7,,101.0,413.0,Chevrolet,9
35778,Chevrolet Colorado 4WD 3.6L,-1,20,308.0,AWD,279.0,152.0,92.4,47.1,,108.0,442.0,Chevrolet,9
35781,GMC Canyon 4WD,-1,20,308.0,AWD,279.0,152.0,92.4,45.5,,108.0,442.0,GMC,15
35782,Kia Sedona,-1,20,276.0,FWD,267.0,147.0,91.2,46.7,,105.0,427.0,Kia,23
35783,Volkswagen Atlas 4motion 2.0L,-1,22,235.0,AWD,294.0,138.0,93.9,46.5,,98.2,400.0,Volkswagen,44
35789,Bentley Bentayga (2020),46,19,443.0,AWD,1338.0,155.0,206.0,51.0,13.1,215.0,243.0,Bentley,5
35790,Nissan Leaf (40 kW-hr battery pack) (2020),111,-1,147.0,FWD,212.0,35.2,61.5,32.6,20.0,133.0,,Nissan,35
35791,Nissan Leaf (62 kW-hr battery pack) (2020),108,-1,214.0,FWD,270.0,36.3,65.4,33.0,31.0,138.0,,Nissan,35
35792,Nissan Leaf SV/SL (62 kW-hr battery pack) (2020),104,-1,214.0,FWD,289.0,37.5,66.8,33.2,31.0,142.0,,Nissan,35
35793,Toyota GR Supra 3.0L,-1,25,382.0,RWD,447.0,154.0,109.0,38.1,,84.9,346.0,Toyota,43
35794,MINI Cooper S Hardtop 2 door Auto,-1,29,189.0,FWD,245.0,131.0,89.0,33.7,,72.2,295.0,MINI,29
35795,MINI Cooper S Hardtop 4 door Auto,-1,29,189.0,FWD,254.0,131.0,89.9,34.8,,72.2,295.0,MINI,29
35796,Subaru Ascent,-1,23,260.0,AWD,283.0,128.0,92.9,46.6,,91.0,371.0,Subaru,41
35797,Subaru Ascent Limited/Touring,-1,22,260.0,AWD,347.0,134.0,99.4,47.2,,95.1,388.0,Subaru,41
35798,BMW 330e,75,28,288.0,RWD,340.0,98.4,104.0,41.6,9.09,136.0,155.0,BMW,4
35800,BMW 330e xDrive,67,25,288.0,AWD,357.0,114.0,106.0,42.4,9.09,148.0,187.0,BMW,4
35802,BMW i3 with Range Extender (2020),100,30,170.0,RWD,358.0,51.3,107.0,31.1,32.0,141.0,23.0,BMW,4
35803,BMW i3s with Range Extender (2020),100,30,181.0,RWD,386.0,51.3,110.0,31.4,32.0,141.0,23.0,BMW,4
35805,Honda Pilot FWD,-1,23,280.0,FWD,283.0,132.0,92.8,42.9,,93.7,382.0,Honda,17
35806,Honda Pilot AWD,-1,22,280.0,AWD,301.0,138.0,94.6,44.3,,98.2,400.0,Honda,17
35811,Porsche Cayenne e-Hybrid (2020),41,21,455.0,AWD,659.0,159.0,137.0,50.6,10.7,191.0,272.0,Porsche,38
35812,Porsche Cayenne e-Hybrid Coupe (2020),41,21,455.0,AWD,710.0,159.0,142.0,51.4,10.7,191.0,272.0,Porsche,38
35813,Toyota Corolla 1.8L Auto,-1,33,139.0,FWD,176.0,90.0,82.0,34.1,,64.0,262.0,Toyota,43
35815,Toyota Corolla XLE,-1,32,139.0,FWD,214.0,92.8,85.9,35.2,,66.1,270.0,Toyota,43
35816,Toyota Corolla Hybrid,-1,53,121.0,FWD,207.0,56.7,85.2,32.5,1.1,40.4,166.0,Toyota,43
35817,Toyota Corolla 2.0L Auto,-1,34,169.0,FWD,197.0,86.4,84.2,35.8,,61.5,252.0,Toyota,43
35818,Toyota Corolla 2.0L Manual,-1,32,169.0,FWD,203.0,93.8,84.8,35.3,,66.8,273.0,Toyota,43
35819,Toyota Corolla XSE,-1,34,169.0,FWD,228.0,88.2,87.2,36.1,,62.8,257.0,Toyota,43
35821,Porsche Taycan 4S (2020),69,-1,522.0,AWD,845.0,56.3,104.0,38.6,39.6,213.0,,Porsche,38
35822,Lexus LC 500h,-1,29,354.0,RWD,857.0,133.0,151.0,46.5,,73.0,298.0,Lexus,26
35823,Lexus LC 500,-1,19,471.0,RWD,817.0,202.0,147.0,45.8,,111.0,453.0,Lexus,26
35824,Hyundai Kona FWD 1.6L,-1,30,175.0,FWD,195.0,100.0,83.9,35.2,,71.5,292.0,Hyundai,18
35825,Hyundai Kona FWD 2.0L,-1,29,147.0,FWD,229.0,101.0,87.4,34.0,,72.2,295.0,Hyundai,18
35826,Kia Sportage FWD 2.0L,-1,23,240.0,FWD,296.0,130.0,94.2,40.3,,92.5,377.0,Kia,23
35827,Kia Sportage FWD 2.4L,-1,26,181.0,FWD,211.0,116.0,85.6,37.4,,82.6,337.0,Kia,23
35828,BMW X3 M,-1,16,473.0,AWD,613.0,243.0,126.0,48.1,,134.0,544.0,BMW,4
35830,BMW X4 M,-1,16,473.0,AWD,644.0,243.0,129.0,47.9,,134.0,544.0,BMW,4
35834,Hyundai Kona AWD 1.6L,-1,27,175.0,AWD,207.0,109.0,85.2,36.9,,77.8,318.0,Hyundai,18
35835,Hyundai Kona AWD 2.0L,-1,27,147.0,AWD,241.0,110.0,88.6,35.6,,78.5,321.0,Hyundai,18
35836,Kia Sportage AWD 2.0L,-1,21,240.0,AWD,309.0,142.0,95.5,41.1,,101.0,413.0,Kia,23
35837,Kia Sportage AWD 2.4L,-1,23,181.0,AWD,225.0,132.0,86.9,38.5,,93.8,383.0,Kia,23
35838,Subaru Crosstrek AWD 2.0L Manual,-1,25,152.0,AWD,195.0,121.0,84.0,35.8,,86.0,351.0,Subaru,41
35839,Subaru Crosstrek AWD 2.0L Auto,-1,30,152.0,AWD,207.0,99.2,85.2,36.4,,70.6,289.0,Subaru,41
35840,Subaru Crosstrek AWD 2.5L Auto,-1,30,182.0,AWD,233.0,100.0,87.7,37.0,,71.3,291.0,Subaru,41
35841,Volkswagen Atlas Cross Sport 4motion 2.0L,-1,22,235.0,AWD,287.0,138.0,93.3,45.4,,98.2,400.0,Volkswagen,44
35842,Hyundai Palisade FWD,-1,22,291.0,FWD,285.0,138.0,93.1,44.1,,98.2,400.0,Hyundai,18
35844,Hyundai Palisade AWD,-1,21,291.0,AWD,300.0,142.0,94.6,45.4,,101.0,413.0,Hyundai,18
35845,Bugatti Divo (2020),-1,10,1500.0,AWD,47390.0,369.0,4858.0,45.7,,203.0,826.0,Bugatti,6
35846,Nissan Frontier 2WD (2020),-1,20,310.0,RWD,235.0,147.0,88.0,44.5,,105.0,427.0,Nissan,35
35847,Nissan Frontier 4WD (2020),-1,19,310.0,AWD,260.0,155.0,90.6,46.3,,110.0,449.0,Nissan,35
35848,Audi S7,-1,21,444.0,AWD,741.0,180.0,139.0,47.9,,99.0,403.0,Audi,3
35849,Audi S6,-1,21,444.0,AWD,653.0,180.0,130.0,47.0,,99.0,403.0,Audi,3
35850,Cadillac Escalade 2WD,-1,17,420.0,RWD,680.0,228.0,133.0,54.1,,126.0,511.0,Cadillac,8
35851,Chevrolet Tahoe 2WD 6.2L,-1,17,420.0,RWD,622.0,228.0,127.0,55.3,,126.0,511.0,Chevrolet,9
35852,Chevrolet Suburban 2WD 6.2L,-1,17,420.0,RWD,646.0,228.0,130.0,56.9,,126.0,511.0,Chevrolet,9
35853,Chevrolet Tahoe 2WD 5.3L,-1,18,355.0,RWD,441.0,170.0,109.0,55.1,,121.0,492.0,Chevrolet,9
35855,Chevrolet Suburban 2WD 5.3L,-1,18,355.0,RWD,465.0,170.0,111.0,56.3,,121.0,492.0,Chevrolet,9
35856,GMC Yukon 2WD 6.2L,-1,17,420.0,RWD,605.0,228.0,125.0,54.5,,126.0,511.0,GMC,15
35857,GMC Yukon XL 2WD 6.2L,-1,16,420.0,RWD,628.0,238.0,128.0,57.4,,131.0,534.0,GMC,15
35858,GMC Yukon 2WD 5.3L,-1,18,355.0,RWD,445.0,170.0,109.0,54.3,,121.0,492.0,GMC,15
35859,GMC Yukon XL 2WD 5.3L,-1,18,355.0,RWD,469.0,170.0,112.0,56.2,,121.0,492.0,GMC,15
35860,Cadillac Escalade 4WD,-1,16,420.0,AWD,706.0,243.0,136.0,55.7,,134.0,544.0,Cadillac,8
35861,Chevrolet Tahoe 4WD 6.2L,-1,16,420.0,AWD,648.0,243.0,130.0,57.7,,134.0,544.0,Chevrolet,9
35862,Chevrolet Suburban 4WD 6.2L,-1,16,420.0,AWD,672.0,243.0,132.0,59.0,,134.0,544.0,Chevrolet,9
35863,Chevrolet Tahoe 4WD 5.3L,-1,18,355.0,AWD,468.0,170.0,112.0,56.9,,121.0,492.0,Chevrolet,9
35864,Chevrolet Suburban 4WD 5.3L,-1,17,355.0,AWD,491.0,180.0,114.0,58.2,,128.0,522.0,Chevrolet,9
35866,GMC Yukon XL 4WD 6.2L,-1,16,420.0,AWD,655.0,243.0,130.0,59.0,,134.0,544.0,GMC,15
35867,GMC Yukon 4WD 6.2L,-1,16,420.0,AWD,631.0,243.0,128.0,56.1,,134.0,544.0,GMC,15
35868,GMC Yukon XL 4WD 5.3L,-1,17,355.0,AWD,495.0,180.0,114.0,57.7,,128.0,522.0,GMC,15
35869,GMC Yukon 4WD 5.3L,-1,18,355.0,AWD,471.0,170.0,112.0,55.3,,121.0,492.0,GMC,15
35870,MINI Cooper SE Hardtop 2 door,108,-1,181.0,FWD,197.0,36.2,60.5,30.2,16.3,137.0,,MINI,29
35871,Kia K5 1.6L,-1,32,180.0,FWD,206.0,91.8,85.1,35.8,,65.4,267.0,Kia,23
35873,Buick Encore FWD,-1,27,155.0,FWD,204.0,110.0,84.8,36.8,,78.5,321.0,Buick,7
35874,Chevrolet Trax FWD,-1,28,155.0,FWD,188.0,106.0,83.2,35.9,,75.7,309.0,Chevrolet,9
35875,Buick Encore AWD,-1,26,155.0,AWD,221.0,115.0,86.6,37.8,,81.6,333.0,Buick,7
35877,Chevrolet Trax AWD,-1,26,155.0,AWD,193.0,115.0,83.8,37.3,,81.6,333.0,Chevrolet,9
35878,Land Rover Range Rover,-1,18,518.0,AWD,996.0,215.0,165.0,53.3,,118.0,482.0,Land,25
35879,Land Rover Range Rover LWB,-1,18,518.0,AWD,1031.0,215.0,169.0,55.3,,118.0,482.0,Land,25
35880,Land Rover Range Rover SVA,-1,16,557.0,AWD,1575.0,243.0,224.0,55.4,,134.0,544.0,Land,25
35881,Land Rover Range Rover LWB SVA,-1,15,557.0,AWD,1852.0,254.0,252.0,57.3,,140.0,570.0,Land,25
35883,Land Rover Range Rover Sport SVR,-1,17,518.0,AWD,768.0,228.0,142.0,52.0,,126.0,511.0,Land,25
35884,BMW 745e xDrive,56,22,389.0,AWD,790.0,139.0,149.0,48.3,9.09,165.0,240.0,BMW,4
35885,McLaren Automotive 720S Coupe (2020),-1,18,710.0,RWD,2624.0,220.0,330.0,36.0,,121.0,494.0,McLaren,32
35886,McLaren Automotive 720S Spider (2020),-1,18,710.0,RWD,2764.0,220.0,344.0,36.8,,121.0,494.0,McLaren,32
35894,Chevrolet Spark Manual,-1,32,98.0,FWD,118.0,91.8,76.1,28.7,,65.4,267.0,Chevrolet,9
35895,Chevrolet Spark ACTIV Manual,-1,32,98.0,FWD,144.0,92.8,78.8,28.8,,66.1,270.0,Chevrolet,9
35896,Chevrolet Spark ACTIV Auto,-1,33,98.0,FWD,154.0,90.9,79.7,29.2,,64.7,265.0,Chevrolet,9
35897,Chevrolet Spark Auto,-1,33,98.0,FWD,127.0,90.0,77.1,29.0,,64.0,262.0,Chevrolet,9
35899,Hyundai Accent Auto,-1,36,120.0,FWD,145.0,82.4,78.9,32.2,,58.7,240.0,Hyundai,18
35900,Hyundai Accent Manual,-1,33,120.0,FWD,135.0,90.9,77.9,30.8,,64.7,265.0,Hyundai,18
35901,Hyundai Venue,-1,31,121.0,FWD,165.0,95.3,80.9,31.7,,67.9,277.0,Hyundai,18
35902,Hyundai Tucson FWD,-1,25,161.0,FWD,208.0,119.0,85.2,37.4,,84.9,346.0,Hyundai,18
35903,Kia Telluride FWD,-1,22,291.0,FWD,282.0,134.0,92.8,44.0,,95.1,388.0,Kia,23
35904,Audi SQ5,-1,20,349.0,AWD,464.0,190.0,111.0,45.4,,105.0,427.0,Audi,3
35905,Hyundai Tucson AWD 2.0L,-1,23,161.0,AWD,241.0,128.0,88.6,38.6,,91.3,372.0,Hyundai,18
35906,Hyundai Tucson AWD 2.4L,-1,23,181.0,AWD,220.0,130.0,86.5,38.4,,92.3,377.0,Hyundai,18
35907,Kia Telluride AWD,-1,21,291.0,AWD,300.0,142.0,94.6,45.1,,101.0,413.0,Kia,23
35908,McLaren Automotive 570S Coupe (2020),-1,18,562.0,RWD,1689.0,220.0,235.0,36.6,,121.0,494.0,McLaren,32
35910,McLaren Automotive 570S Spider (2020),-1,18,562.0,RWD,1832.0,220.0,250.0,37.4,,121.0,494.0,McLaren,32
35911,McLaren Automotive 600LT Spider (2020),-1,18,592.0,RWD,2251.0,220.0,292.0,35.7,,121.0,494.0,McLaren,32
35915,Volvo S60 FWD,-1,27,250.0,FWD,331.0,143.0,97.7,40.7,,78.8,322.0,Volvo,45
35916,Volvo S60 AWD,-1,25,250.0,AWD,371.0,155.0,102.0,41.3,,85.4,349.0,Volvo,45
35917,Volvo S90 AWD,-1,25,316.0,AWD,452.0,155.0,110.0,44.6,,85.4,349.0,Volvo,45
35918,Volvo V60 FWD,-1,27,250.0,FWD,359.0,143.0,101.0,41.5,,78.8,322.0,Volvo,45
35919,Volvo V60 CC AWD,-1,25,250.0,AWD,399.0,152.0,105.0,43.3,,83.9,342.0,Volvo,45
35921,Volvo V90 FWD,-1,26,250.0,FWD,455.0,149.0,110.0,42.8,,82.0,335.0,Volvo,45
35922,Volvo V90 AWD,-1,25,316.0,AWD,482.0,155.0,113.0,44.5,,85.4,349.0,Volvo,45
35923,Volvo V90 CC AWD,-1,24,316.0,AWD,507.0,164.0,116.0,44.8,,90.2,368.0,Volvo,45
35925,Volvo XC60 FWD,-1,25,250.0,FWD,366.0,156.0,101.0,43.1,,86.0,351.0,Volvo,45
35926,Volvo XC40 FWD,-1,26,248.0,FWD,296.0,113.0,94.1,41.0,,80.6,329.0,Volvo,45
35928,Volvo XC60 AWD,-1,24,250.0,AWD,386.0,163.0,103.0,44.2,,89.7,366.0,Volvo,45
35930,Volvo XC40 AWD,-1,25,187.0,AWD,313.0,154.0,95.9,40.0,,84.9,346.0,Volvo,45
35932,Volvo XC90 FWD,-1,24,250.0,FWD,430.0,159.0,108.0,46.2,,87.4,357.0,Volvo,45
35933,Land Rover Range Rover Diesel,-1,24,254.0,AWD,860.0,130.0,151.0,50.9,,79.2,365.0,Land,25
35934,Land Rover Range Rover Sport,-1,24,254.0,AWD,698.0,130.0,135.0,49.3,,79.2,365.0,Land,25
35935,Mercedes-Benz AMG GLE53 4matic Plus,-1,20,429.0,AWD,635.0,197.0,128.0,51.9,,108.0,441.0,Mercedes-Benz,33
35936,Mercedes-Benz AMG GLE53 4matic Plus Coupe,-1,20,429.0,AWD,671.0,193.0,132.0,52.0,,106.0,434.0,Mercedes-Benz,33
35937,Volvo XC90 AWD,-1,22,250.0,AWD,452.0,174.0,110.0,47.4,,95.6,390.0,Volvo,45
35956,MINI Cooper Convertible Manual,-1,30,134.0,FWD,240.0,128.0,88.5,34.0,,70.7,289.0,MINI,29
35957,MINI Cooper Hardtop 2 door Manual,-1,30,134.0,FWD,197.0,128.0,84.1,32.5,,70.7,289.0,MINI,29
35959,MINI Cooper Hardtop 4 door Manual,-1,30,134.0,FWD,205.0,128.0,85.0,33.4,,70.7,289.0,MINI,29
35960,Subaru Impreza 4-Door Manual,-1,26,152.0,AWD,165.0,115.0,80.9,34.7,,81.6,333.0,Subaru,41
35961,Subaru Impreza 4-Door Auto,-1,31,152.0,AWD,176.0,95.8,82.0,35.2,,68.2,279.0,Subaru,41
35962,Subaru Impreza Sport 4-Door,-1,30,152.0,AWD,207.0,98.0,85.2,36.0,,69.8,285.0,Subaru,41
35963,Subaru Impreza 5-Door Manual,-1,27,152.0,AWD,169.0,112.0,81.3,34.8,,79.5,324.0,Subaru,41
35964,Subaru Impreza 5-Door Auto,-1,31,152.0,AWD,181.0,95.8,82.5,35.3,,68.2,279.0,Subaru,41
35965,Subaru Impreza Sport 5-Door Manual,-1,25,152.0,AWD,202.0,119.0,84.6,35.5,,84.9,346.0,Subaru,41
35966,Subaru Impreza Sport 5-Door Auto,-1,30,152.0,AWD,211.0,99.1,85.6,36.1,,70.5,288.0,Subaru,41
35968,Mercedes-Benz GLB250,-1,26,221.0,FWD,334.0,148.0,98.0,40.1,,81.6,333.0,Mercedes-Benz,33
35986,Toyota Corolla Hatchback Manual,-1,31,169.0,FWD,180.0,94.8,82.5,35.3,,67.5,276.0,Toyota,43
35987,Toyota Corolla Hatchback Auto,-1,36,169.0,FWD,190.0,84.0,83.4,35.3,,59.8,245.0,Toyota,43
35988,Toyota Corolla Hatchback XSE,-1,33,169.0,FWD,216.0,90.0,86.1,35.3,,64.0,262.0,Toyota,43
35989,BMW 740i xDrive,-1,23,335.0,AWD,788.0,170.0,144.0,46.2,,93.7,382.0,BMW,4
35990,Chevrolet Colorado 4WD Diesel 2.8L,-1,22,181.0,AWD,406.0,143.0,105.0,47.1,,86.9,400.0,Chevrolet,9
35993,GMC Canyon 4WD Diesel,-1,22,181.0,AWD,366.0,143.0,101.0,46.3,,86.9,400.0,GMC,15
35994,Infiniti QX80 2WD,-1,16,400.0,RWD,606.0,238.0,126.0,55.3,,131.0,534.0,Infiniti,19
35995,Infiniti QX80 4WD,-1,15,400.0,AWD,633.0,254.0,128.0,56.8,,140.0,570.0,Infiniti,19
35997,Tesla Model S Long Range Plus (2020),117,-1,557.0,AWD,609.0,33.4,83.9,36.6,50.0,127.0,,Tesla,42
35998,Mercedes-Benz GLC350e 4matic (2020),68,25,315.0,AWD,399.0,111.0,110.0,45.7,10.2,149.0,176.0,Mercedes-Benz,33
35999,Audi R8,-1,15,602.0,AWD,1726.0,250.0,239.0,40.1,,138.0,560.0,Audi,3
36000,Audi R8 Spyder,-1,15,602.0,AWD,1826.0,250.0,249.0,42.3,,138.0,560.0,Audi,3
36002,Ferrari 812 Superfast,-1,14,789.0,RWD,2984.0,285.0,366.0,40.0,,157.0,639.0,Ferrari,12
36003,Ferrari F8 Tributo,-1,17,710.0,RWD,2413.0,233.0,308.0,39.8,,128.0,522.0,Ferrari,12
36006,Lamborghini Huracan,-1,15,610.0,AWD,2293.0,260.0,296.0,39.9,,143.0,581.0,Lamborghini,24
36008,Lamborghini Huracan 2WD,-1,15,610.0,RWD,1830.0,260.0,249.0,38.3,,143.0,581.0,Lamborghini,24
36012,Ferrari Portofino,-1,18,612.0,RWD,2150.0,211.0,282.0,40.3,,116.0,474.0,Ferrari,12
36014,Audi RS 5,-1,21,444.0,AWD,662.0,187.0,131.0,43.5,,103.0,420.0,Audi,3
36015,Ferrari Roma,-1,19,612.0,RWD,1954.0,204.0,262.0,38.5,,112.0,457.0,Ferrari,12
36016,Audi A6 quattro 3.0L,-1,25,335.0,AWD,525.0,156.0,117.0,45.2,,86.0,351.0,Audi,3
36017,Audi A7 quattro,-1,25,335.0,AWD,607.0,156.0,126.0,45.8,,86.0,351.0,Audi,3
36019,Kia Stinger AWD 2.0L,-1,24,255.0,AWD,310.0,161.0,95.5,41.0,,88.5,361.0,Kia,23
36020,Kia Stinger RWD 2.0L,-1,25,255.0,RWD,290.0,156.0,93.6,39.8,,86.0,351.0,Kia,23
36021,Kia Stinger AWD 3.3L,-1,20,365.0,AWD,367.0,194.0,101.0,42.6,,107.0,436.0,Kia,23
36023,Kia Stinger RWD 3.3L,-1,20,365.0,RWD,347.0,194.0,99.4,41.4,,107.0,436.0,Kia,23
36024,Kia Forte 1.6L Auto,-1,30,201.0,FWD,199.0,99.1,84.4,35.5,,70.5,288.0,Kia,23
36025,Kia Forte 1.6L Manual,-1,28,201.0,FWD,204.0,108.0,84.9,34.8,,76.5,313.0,Kia,23
36027,Kia Forte 2.0L Auto,-1,33,147.0,FWD,165.0,90.1,80.9,34.1,,64.1,262.0,Kia,23
36028,Kia Forte 2.0L Manual,-1,31,147.0,FWD,157.0,97.0,80.1,32.5,,69.1,282.0,Kia,23
36029,Audi A8 L ICEV 3.0L,-1,20,335.0,AWD,759.0,192.0,141.0,49.3,,105.0,430.0,Audi,3
36030,BMW 740i,-1,25,335.0,RWD,762.0,156.0,141.0,45.0,,86.0,351.0,BMW,4
36032,Hyundai Sonata Hybrid Blue,-1,52,192.0,FWD,244.0,57.6,88.8,36.5,41.0,41.0,169.0,Hyundai,18
36034,Hyundai Sonata 1.6L 180HP,-1,31,180.0,FWD,247.0,97.0,89.2,36.7,,69.1,282.0,Hyundai,18
36036,Subaru Forester AWD,-1,29,182.0,AWD,218.0,104.0,86.2,38.5,,73.8,302.0,Subaru,41
36037,Toyota RAV4 Prime 4WD,94,38,302.0,AWD,269.0,52.8,98.0,42.4,13.7,126.0,70.5,Toyota,43
36039,Lexus LC 500 Convertible,-1,18,471.0,RWD,887.0,211.0,154.0,47.5,,116.0,473.0,Lexus,26
36040,Hyundai Sonata 2.5L 191HP,-1,31,191.0,FWD,207.0,97.0,85.2,35.8,,69.1,282.0,Hyundai,18
36042,Acura RDX FWD,-1,24,272.0,FWD,335.0,158.0,98.1,41.3,,87.2,356.0,Acura,0
36046,Infiniti QX50,-1,25,268.0,FWD,333.0,152.0,97.9,41.7,,83.7,342.0,Infiniti,19
36047,Acura RDX AWD,-1,23,272.0,AWD,353.0,165.0,99.9,43.2,,91.0,371.0,Acura,0
36049,Infiniti QX50 AWD,-1,24,268.0,AWD,351.0,158.0,99.7,42.8,,87.2,356.0,Infiniti,19
36050,Volvo XC90 AWD PHEV,56,27,400.0,AWD,514.0,116.0,121.0,49.9,7.88,159.0,184.0,Volvo,45
36051,Porsche Cayenne Turbo S e-Hybrid (2020),39,18,670.0,AWD,1373.0,188.0,209.0,54.8,10.7,201.0,342.0,Porsche,38
36052,Porsche Cayenne Turbo S e-Hybrid Coupe (2020),39,18,670.0,AWD,1400.0,188.0,212.0,54.8,10.7,201.0,342.0,Porsche,38
36053,BMW X5 xDrive45e,50,20,389.0,AWD,508.0,130.0,122.0,53.2,18.2,220.0,171.0,BMW,4
36054,Toyota Prius,-1,52,121.0,FWD,215.0,57.2,86.0,33.9,40.7,40.7,167.0,Toyota,43
36055,Toyota Prius AWD,-1,49,121.0,AWD,238.0,60.7,88.3,35.5,1.1,43.2,177.0,Toyota,43
36058,Chevrolet Colorado 2WD Diesel 2.8L,-1,24,181.0,RWD,406.0,135.0,105.0,44.7,,82.0,377.0,Chevrolet,9
36059,GMC Canyon 2WD Diesel 2.8L,-1,24,181.0,RWD,366.0,135.0,101.0,44.7,,82.0,377.0,GMC,15
36060,Volkswagen Atlas Cross Sport 3.6L,-1,20,276.0,FWD,330.0,149.0,97.6,45.3,,106.0,434.0,Volkswagen,44
36061,Toyota Prius Prime,133,54,121.0,FWD,208.0,41.5,89.3,36.5,6.67,77.2,76.1,Toyota,43
36064,BMW 230i xDrive Coupe,-1,24,248.0,AWD,333.0,159.0,97.9,39.1,,87.4,357.0,BMW,4
36065,BMW 228i xDrive Gran Coupe,-1,27,228.0,AWD,331.0,145.0,97.7,39.2,,79.7,325.0,BMW,4
36066,BMW M235i xDrive Gran Coupe,-1,26,301.0,AWD,399.0,146.0,105.0,31.6,,80.6,329.0,BMW,4
36068,Rolls-Royce Dawn,-1,14,563.0,RWD,3129.0,273.0,381.0,56.5,,150.0,612.0,Rolls-Royce,40
36070,Chevrolet Malibu 1.5L,-1,32,160.0,FWD,194.0,93.8,83.9,35.9,,66.8,273.0,Chevrolet,9
36071,MINI Cooper Countryman,-1,29,134.0,FWD,255.0,134.0,90.0,34.0,,73.8,302.0,MINI,29
36072,MINI Cooper Countryman All4,-1,26,134.0,AWD,273.0,146.0,91.8,35.7,,80.6,329.0,MINI,29
36073,MINI Cooper S Clubman Manual,-1,26,189.0,FWD,262.0,151.0,90.8,37.4,,82.9,338.0,MINI,29
36074,MINI Cooper S Countryman,-1,27,189.0,FWD,280.0,141.0,92.5,34.9,,77.6,317.0,MINI,29
36075,MINI Cooper S Countryman All4,-1,26,189.0,AWD,298.0,148.0,94.3,36.5,,81.6,333.0,MINI,29
36076,MINI Cooper S Clubman All4,-1,26,189.0,AWD,289.0,146.0,93.4,39.2,,80.6,329.0,MINI,29
36077,MINI John Cooper Works Clubman All4,-1,26,228.0,AWD,347.0,148.0,99.3,39.8,,81.6,333.0,MINI,29
36079,MINI John Cooper Works Countryman All4,-1,26,228.0,AWD,364.0,150.0,101.0,37.4,,82.6,337.0,MINI,29
36080,Rolls-Royce Wraith,-1,14,624.0,RWD,2896.0,273.0,357.0,54.3,,150.0,612.0,Rolls-Royce,40
36082,Volkswagen Passat,-1,28,174.0,FWD,211.0,106.0,85.5,37.4,,75.2,307.0,Volkswagen,44
36083,Genesis G90 AWD 3.3L,-1,20,365.0,AWD,662.0,197.0,131.0,49.6,,108.0,442.0,Genesis,16
36084,Genesis G90 RWD 3.3L,-1,20,365.0,RWD,640.0,197.0,129.0,48.5,,108.0,442.0,Genesis,16
36085,Genesis G90 AWD 5.0L,-1,19,420.0,AWD,695.0,208.0,135.0,50.9,,114.0,466.0,Genesis,16
36086,Genesis G90 RWD 5.0L,-1,19,420.0,RWD,673.0,205.0,132.0,49.7,,113.0,459.0,Genesis,16
36087,Genesis G80 AWD 2.5L,-1,25,300.0,AWD,446.0,154.0,109.0,47.1,,84.9,346.0,Genesis,16
36088,Genesis G80 RWD 2.5L,-1,26,300.0,RWD,419.0,146.0,107.0,45.9,,80.6,329.0,Genesis,16
36090,Genesis G80 AWD 3.5L,-1,21,375.0,AWD,546.0,185.0,119.0,48.8,,102.0,414.0,Genesis,16
36091,Genesis G80 RWD 3.5L,-1,22,375.0,RWD,519.0,176.0,117.0,47.1,,96.8,395.0,Genesis,16
36092,Rolls-Royce Phantom,-1,15,563.0,RWD,3993.0,264.0,468.0,56.5,,145.0,590.0,Rolls-Royce,40
36094,Subaru Legacy AWD 2.5L,-1,30,182.0,AWD,201.0,99.1,84.5,38.9,,70.5,288.0,Subaru,41
36095,Subaru Legacy AWD 2.4L,-1,27,260.0,AWD,302.0,110.0,94.8,41.2,,78.5,320.0,Subaru,41
36096,Rolls-Royce Cullinan,-1,15,563.0,AWD,2896.0,264.0,357.0,59.9,,145.0,590.0,Rolls-Royce,40
36098,Honda Odyssey,-1,22,280.0,FWD,279.0,134.0,92.4,46.3,,95.6,390.0,Honda,17
36099,BMW X3 sDrive30i,-1,27,248.0,RWD,377.0,145.0,102.0,42.5,,79.6,325.0,BMW,4
36101,Jeep Compass FWD,-1,25,180.0,FWD,210.0,118.0,85.4,36.4,,83.9,342.0,Jeep,21
36102,Lexus NX 300,-1,24,235.0,FWD,330.0,158.0,97.6,42.6,,87.2,356.0,Lexus,26
36103,Mazda CX-30 2WD,-1,28,186.0,FWD,192.0,106.0,83.6,36.8,,75.6,309.0,Mazda,31
36104,Jeep Compass 4WD,-1,25,180.0,AWD,223.0,119.0,86.8,37.5,,84.9,346.0,Jeep,21
36105,Lexus NX 300h AWD,-1,32,194.0,AWD,352.0,94.4,99.9,43.6,67.2,67.2,275.0,Lexus,26
36106,Lexus NX 300 AWD,-1,24,235.0,AWD,342.0,158.0,98.8,43.5,,87.2,356.0,Lexus,26
36107,Lexus NX 300 AWD F Sport,-1,24,235.0,AWD,360.0,161.0,101.0,43.5,,88.4,361.0,Lexus,26
36108,Mazda CX-30 4WD,-1,27,186.0,AWD,204.0,112.0,84.9,38.0,,79.5,324.0,Mazda,31
36109,Subaru Outback AWD 2.5L,-1,29,182.0,AWD,235.0,104.0,88.0,40.0,,73.8,302.0,Subaru,41
36110,Subaru Outback AWD 2.4L,-1,26,260.0,AWD,308.0,116.0,95.4,42.1,,82.6,337.0,Subaru,41
36112,BMW X5 sDrive40i,-1,23,335.0,RWD,521.0,168.0,117.0,49.8,,92.3,377.0,BMW,4
36113,BMW X6 sDrive40i,-1,23,335.0,RWD,571.0,168.0,122.0,48.6,,92.3,377.0,BMW,4
36114,BMW X5 xDrive40i,-1,23,335.0,AWD,541.0,170.0,119.0,50.1,,93.8,383.0,BMW,4
36115,BMW X5 M50i,-1,18,523.0,AWD,727.0,211.0,138.0,53.3,,116.0,474.0,BMW,4
36116,BMW X5 M,-1,15,567.0,AWD,922.0,260.0,158.0,54.7,,143.0,581.0,BMW,4
36118,BMW X6 xDrive40i,-1,23,335.0,AWD,591.0,170.0,124.0,49.4,,93.8,383.0,BMW,4
36119,BMW X6 M50i,-1,18,523.0,AWD,757.0,211.0,141.0,52.2,,116.0,474.0,BMW,4
36120,BMW X6 M,-1,15,567.0,AWD,953.0,260.0,161.0,51.7,,143.0,581.0,BMW,4
36123,BMW X7 xDrive40i,-1,21,335.0,AWD,657.0,184.0,131.0,54.2,,101.0,413.0,BMW,4
36124,BMW X7 M50i,-1,17,523.0,AWD,876.0,224.0,153.0,56.6,,123.0,502.0,BMW,4
36125,BMW Alpina XB7,-1,17,612.0,AWD,1240.0,224.0,190.0,58.3,,123.0,502.0,BMW,4
36126,Mercedes-Benz AMG GLE63 S 4matic Plus,-1,17,603.0,AWD,1000.0,233.0,165.0,54.1,,128.0,522.0,Mercedes-Benz,33
36127,BMW 230i Coupe Manual,-1,25,248.0,RWD,315.0,155.0,96.1,38.0,,85.4,349.0,BMW,4
36135,BMW M2 Competition Coupe Manual,-1,20,405.0,RWD,517.0,190.0,116.0,39.8,,105.0,427.0,BMW,4
36138,Chevrolet Camaro 6.2L Manual,-1,16,455.0,RWD,307.0,238.0,95.3,40.5,,131.0,534.0,Chevrolet,9
36139,Chevrolet Camaro 6.2L Auto,-1,16,455.0,RWD,321.0,246.0,96.7,40.5,,135.0,551.0,Chevrolet,9
36142,Chevrolet Camaro 2.0L Manual,-1,22,275.0,RWD,228.0,171.0,87.3,37.7,,94.4,385.0,Chevrolet,9
36143,Chevrolet Camaro 2.0L Auto,-1,25,275.0,RWD,241.0,154.0,88.6,37.7,,84.9,346.0,Chevrolet,9
36145,BMW 530i,-1,28,248.0,RWD,476.0,137.0,112.0,41.1,,75.6,309.0,BMW,4
36147,MINI Cooper S Clubman Auto,-1,29,189.0,FWD,276.0,134.0,92.1,37.6,,74.0,302.0,MINI,29
36148,BMW X1 xDrive28i,-1,26,228.0,AWD,328.0,148.0,97.4,40.7,,81.6,333.0,BMW,4
36149,BMW X1 sDrive28i,-1,27,228.0,FWD,311.0,141.0,95.6,39.4,,77.6,317.0,BMW,4
36150,Cadillac XT4 FWD,-1,26,235.0,FWD,314.0,146.0,96.0,40.3,,80.5,329.0,Cadillac,8
36151,Cadillac XT6 FWD 2.0L,-1,23,235.0,FWD,421.0,165.0,107.0,46.0,,91.0,371.0,Cadillac,8
36153,Chevrolet Blazer FWD,-1,25,227.0,FWD,301.0,121.0,94.7,41.3,,86.0,351.0,Chevrolet,9
36154,BMW X3 xDrive30i,-1,25,248.0,AWD,395.0,152.0,104.0,43.4,,83.7,342.0,BMW,4
36157,BMW X3 M40i,-1,23,382.0,AWD,497.0,165.0,114.0,45.6,,91.0,371.0,BMW,4
36158,BMW X4 xDrive30i,-1,25,248.0,AWD,453.0,152.0,110.0,44.2,,83.7,342.0,BMW,4
36159,BMW X4 M40i,-1,23,382.0,AWD,541.0,165.0,119.0,45.7,,91.0,371.0,BMW,4
36160,Cadillac XT5 AWD 2.0L,-1,23,235.0,AWD,404.0,165.0,105.0,44.1,,91.0,371.0,Cadillac,8
36161,Cadillac XT6 AWD 2.0L,-1,23,235.0,AWD,439.0,168.0,109.0,47.7,,92.3,377.0,Cadillac,8
36168,Jeep Wrangler 2dr 4WD,-1,20,285.0,AWD,248.0,150.0,89.3,42.8,,107.0,436.0,Jeep,21
36169,Jeep Wrangler 4dr 4WD,-1,19,285.0,AWD,279.0,155.0,92.5,44.4,,110.0,449.0,Jeep,21
36170,Toyota Venza AWD,-1,39,219.0,AWD,285.0,77.2,93.0,40.8,1.1,55.0,225.0,Toyota,43
36171,GMC Acadia FWD 2.5L,-1,23,193.0,FWD,262.0,128.0,90.7,42.4,,91.0,371.0,GMC,15
36172,GMC Acadia FWD 2.0L,-1,25,230.0,FWD,341.0,121.0,98.7,42.4,,86.0,351.0,GMC,15
36173,GMC Acadia AWD 2.0L,-1,24,230.0,AWD,323.0,124.0,96.9,44.7,,88.4,361.0,GMC,15
36175,BMW Z4 M40i,-1,25,382.0,RWD,559.0,154.0,121.0,38.6,,84.9,346.0,BMW,4
36176,BMW 230i Convertible,-1,27,248.0,RWD,367.0,145.0,101.0,40.4,,79.7,325.0,BMW,4
36177,BMW M2 Competition Coupe Auto,-1,19,405.0,RWD,542.0,208.0,119.0,39.8,,114.0,466.0,BMW,4
36179,BMW 840i Coupe,-1,26,335.0,RWD,772.0,150.0,142.0,42.5,,82.6,337.0,BMW,4
36180,BMW 840i xDrive Coupe,-1,23,335.0,AWD,798.0,170.0,145.0,43.7,,93.7,382.0,BMW,4
36181,BMW 840i xDrive Convertible,-1,23,335.0,AWD,880.0,170.0,153.0,45.9,,93.7,382.0,BMW,4
36183,Nissan GT-R,-1,18,565.0,AWD,996.0,211.0,165.0,41.9,,116.0,474.0,Nissan,35
36186,Hyundai Veloster N Auto,-1,23,275.0,FWD,296.0,132.0,94.2,36.9,,93.7,382.0,Hyundai,18
36187,Hyundai Veloster N Manual,-1,24,275.0,FWD,283.0,122.0,92.8,35.7,,87.2,356.0,Hyundai,18
36188,Mercedes-Benz AMG CLA35 4matic,-1,25,302.0,AWD,420.0,156.0,107.0,39.0,,86.0,351.0,Mercedes-Benz,33
36190,Mercedes-Benz CLA250 4matic,-1,27,221.0,AWD,350.0,141.0,99.6,38.8,,77.6,317.0,Mercedes-Benz,33
36191,Mercedes-Benz CLA250,-1,29,221.0,FWD,332.0,134.0,97.8,37.8,,74.0,302.0,Mercedes-Benz,33
36192,BMW X2 xDrive28i,-1,27,228.0,AWD,339.0,144.0,98.5,40.3,,79.5,324.0,BMW,4
36193,BMW X2 M35i,-1,26,301.0,AWD,408.0,150.0,105.0,40.7,,82.6,337.0,BMW,4
36194,BMW 530i xDrive,-1,26,248.0,AWD,496.0,146.0,114.0,42.0,,80.6,329.0,BMW,4
36195,BMW 540i xDrive,-1,26,335.0,AWD,542.0,148.0,119.0,43.5,,81.6,333.0,BMW,4
36196,BMW M5,-1,17,600.0,AWD,908.0,224.0,156.0,45.2,,123.0,502.0,BMW,4
36197,BMW M5 Competition,-1,17,617.0,AWD,970.0,224.0,162.0,45.9,,123.0,502.0,BMW,4
36199,BMW M8 Gran Coupe,-1,17,600.0,AWD,1141.0,224.0,180.0,47.0,,123.0,502.0,BMW,4
36202,Chevrolet Malibu 2.0L,-1,26,250.0,FWD,293.0,115.0,93.8,36.7,,82.0,335.0,Chevrolet,9
36204,Toyota Avalon,-1,25,301.0,FWD,315.0,118.0,96.1,39.5,,83.9,342.0,Toyota,43
36205,Toyota Avalon Hybrid,-1,43,215.0,FWD,325.0,69.3,97.1,38.8,49.4,49.4,202.0,Toyota,43
36207,Toyota Avalon AWD,-1,28,205.0,AWD,315.0,105.0,96.1,39.6,,74.8,305.0,Toyota,43
36208,Toyota Avalon TRD,-1,24,301.0,FWD,376.0,123.0,102.0,40.2,,87.4,357.0,Toyota,43
36209,Rolls-Royce Ghost,-1,14,563.0,AWD,2737.0,268.0,341.0,54.8,,148.0,601.0,Rolls-Royce,40
36212,Nissan Titan 2WD,-1,18,400.0,RWD,321.0,215.0,96.7,55.6,,118.0,482.0,Nissan,35
36213,Jeep Gladiator 4WD Auto,-1,19,285.0,AWD,312.0,157.0,95.8,48.4,,112.0,457.0,Jeep,21
36214,Nissan Titan 4WD,-1,17,400.0,AWD,349.0,224.0,99.5,56.6,,123.0,502.0,Nissan,35
36215,Nissan Titan 4WD PRO-4X,-1,17,400.0,AWD,441.0,228.0,109.0,57.7,,126.0,511.0,Nissan,35
36216,Cadillac XT5 FWD 3.6L,-1,22,310.0,FWD,437.0,138.0,108.0,43.0,,98.2,400.0,Cadillac,8
36217,Cadillac XT6 FWD 3.6L,-1,22,310.0,FWD,463.0,138.0,111.0,46.6,,98.2,400.0,Cadillac,8
36218,Cadillac XT5 FWD 2.0L,-1,25,235.0,FWD,386.0,156.0,103.0,42.3,,86.0,351.0,Cadillac,8
36220,Lexus RX 350 L,-1,22,295.0,FWD,421.0,138.0,107.0,46.8,,98.2,400.0,Lexus,26
36221,Toyota RAV4,-1,30,203.0,FWD,229.0,99.1,87.3,37.9,,70.5,288.0,Toyota,43
36224,Cadillac XT5 AWD 3.6L,-1,21,310.0,AWD,455.0,143.0,110.0,44.7,,102.0,414.0,Cadillac,8
36225,Cadillac XT6 AWD 3.6L,-1,21,310.0,AWD,481.0,145.0,113.0,48.3,,103.0,420.0,Cadillac,8
36226,Cadillac XT4 AWD,-1,25,235.0,AWD,336.0,156.0,98.2,41.8,,86.0,351.0,Cadillac,8
36227,Chevrolet Blazer AWD,-1,22,308.0,AWD,329.0,138.0,97.4,45.1,,98.2,400.0,Chevrolet,9
36228,Jeep Wrangler 4dr EcoDiesel 4WD,-1,25,260.0,AWD,344.0,129.0,99.0,46.3,,78.2,360.0,Jeep,21
36230,Lexus RX 350 L AWD,-1,21,295.0,AWD,434.0,145.0,108.0,48.1,,103.0,420.0,Lexus,26
36232,Toyota RAV4 AWD,-1,28,203.0,AWD,241.0,106.0,88.6,38.9,,75.6,309.0,Toyota,43
36234,Toyota RAV4 AWD TRD OFFROAD,-1,28,203.0,AWD,314.0,108.0,96.0,40.2,,76.5,313.0,Toyota,43
36236,Toyota RAV4 Hybrid AWD,-1,40,219.0,AWD,250.0,75.3,89.5,39.5,53.6,53.6,220.0,Toyota,43
36237,GMC Acadia FWD 3.6L,-1,22,310.0,FWD,308.0,136.0,95.4,43.8,,96.8,395.0,GMC,15
36238,Toyota 4Runner 2WD,-1,17,270.0,RWD,319.0,173.0,96.5,46.3,,123.0,502.0,Toyota,43
36239,Bentley Bentayga,-1,18,542.0,AWD,1553.0,214.0,221.0,53.9,,118.0,479.0,Bentley,5
36240,GMC Acadia AWD 3.6L,-1,22,310.0,AWD,327.0,138.0,97.3,46.2,,98.2,400.0,GMC,15
36241,Land Rover Range Rover Sport MHEV,-1,21,355.0,AWD,610.0,184.0,126.0,47.1,,101.0,413.0,Land,25
36242,Lexus GX 460,-1,17,301.0,AWD,467.0,233.0,111.0,52.3,,128.0,522.0,Lexus,26
36243,Lexus RX 450h L AWD,-1,29,308.0,AWD,449.0,135.0,110.0,49.5,1.1,74.4,304.0,Lexus,26
36245,Mercedes-Benz AMG GLS63 4matic Plus,-1,16,603.0,AWD,1159.0,248.0,181.0,57.7,,136.0,555.0,Mercedes-Benz,33
36246,Toyota 4Runner 4WD,-1,17,270.0,AWD,335.0,173.0,98.1,48.6,,123.0,502.0,Toyota,43
36248,Honda Clarity Plug-in Hybrid,110,42,212.0,FWD,227.0,45.1,93.9,39.8,19.3,112.0,55.9,Honda,17
36249,Volvo S90 AWD PHEV,61,29,400.0,AWD,480.0,104.0,118.0,47.0,7.88,155.0,155.0,Volvo,45
36250,Volvo V60 AWD PHEV,69,30,472.0,AWD,543.0,97.2,124.0,45.8,7.88,141.0,147.0,Volvo,45
36253,BMW Z4 sDrive30i,-1,28,255.0,RWD,436.0,139.0,108.0,37.2,,76.5,313.0,BMW,4
36254,Toyota GR Supra 2.0L,-1,28,255.0,RWD,377.0,139.0,102.0,36.3,,76.5,313.0,Toyota,43
36256,Aston Martin DBS,-1,17,715.0,RWD,2776.0,230.0,345.0,43.6,,127.0,516.0,Aston,2
36257,Aston Martin DB11 V12,-1,18,630.0,RWD,2158.0,220.0,282.0,44.1,,121.0,494.0,Aston,2
36258,Aston Martin DB11 V8,-1,20,503.0,RWD,1804.0,190.0,247.0,42.0,,105.0,427.0,Aston,2
36259,Audi S5,-1,23,349.0,AWD,461.0,168.0,111.0,41.8,,92.5,377.0,Audi,3
36260,Audi S5 Cabriolet,-1,22,349.0,AWD,532.0,173.0,118.0,44.4,,95.1,388.0,Audi,3
36261,BMW 230i Coupe Auto,-1,28,248.0,RWD,315.0,139.0,96.1,38.0,,76.5,313.0,BMW,4
36262,BMW 840i Convertible,-1,25,335.0,RWD,855.0,156.0,151.0,44.8,,86.0,351.0,BMW,4
36263,Audi S4,-1,23,349.0,AWD,438.0,168.0,109.0,41.8,,92.5,377.0,Audi,3
36264,Toyota C-HR,-1,29,144.0,FWD,189.0,104.0,83.3,37.3,,74.0,302.0,Toyota,43
36269,Audi RS 7,-1,18,591.0,AWD,1000.0,220.0,165.0,50.7,,121.0,494.0,Audi,3
36270,BMW 540i,-1,28,335.0,RWD,522.0,139.0,117.0,42.2,,76.5,313.0,BMW,4
36272,Audi A8 L ICEV 4.0L,-1,18,453.0,AWD,868.0,217.0,152.0,50.4,,119.0,486.0,Audi,3
36273,Audi S8,-1,16,563.0,AWD,1149.0,242.0,180.0,53.7,,133.0,542.0,Audi,3
36274,Audi RS 6 Avant,-1,18,591.0,AWD,957.0,220.0,161.0,50.9,,121.0,494.0,Audi,3
36275,Ram 1500 2WD 3.6L StartStop,-1,22,305.0,RWD,283.0,136.0,92.8,47.3,,96.6,394.0,Ram,39
36276,Ram 1500 2WD Diesel 3.0L StartStop,-1,26,260.0,RWD,327.0,124.0,97.3,49.5,,75.4,347.0,Ram,39
36277,Ram 1500 2WD 5.7L StartStop,-1,19,395.0,RWD,300.0,155.0,94.6,49.3,,110.0,449.0,Ram,39
36278,Ram 1500 2WD 5.7L,-1,18,395.0,RWD,299.0,170.0,94.4,47.9,,121.0,494.0,Ram,39
36280,Toyota Tundra 2WD,-1,15,381.0,RWD,296.0,205.0,94.1,52.6,,146.0,594.0,Toyota,43
36281,Jeep Gladiator 4WD Manual,-1,19,285.0,AWD,295.0,161.0,94.0,48.4,,114.0,466.0,Jeep,21
36282,Jeep Gladiator EcoDiesel 4WD,-1,24,180.0,AWD,347.0,130.0,99.3,50.0,,79.2,365.0,Jeep,21
36284,Ram 1500 4WD 3.6L StartStop,-1,21,305.0,AWD,314.0,142.0,95.9,48.9,,101.0,413.0,Ram,39
36285,Ram 1500 4WD Diesel 3.0L StartStop,-1,24,260.0,AWD,358.0,132.0,100.0,51.2,,80.5,370.0,Ram,39
36286,Ram 1500 4WD 5.7L StartStop,-1,19,395.0,AWD,331.0,157.0,97.7,51.0,,112.0,457.0,Ram,39
36287,Ram 1500 4WD 5.7L,-1,17,395.0,AWD,329.0,173.0,97.5,49.6,,123.0,502.0,Ram,39
36288,Toyota Tundra 4WD,-1,15,381.0,AWD,322.0,205.0,96.8,55.1,,146.0,594.0,Toyota,43
36289,Volkswagen Tiguan,-1,25,184.0,FWD,222.0,118.0,86.6,40.9,,83.7,342.0,Volkswagen,44
36291,Audi Q3 S-line quattro,-1,23,228.0,AWD,316.0,130.0,96.2,42.3,,92.5,377.0,Audi,3
36292,Mercedes-Benz GLE350,-1,22,255.0,RWD,480.0,178.0,113.0,48.0,,98.2,400.0,Mercedes-Benz,33
36293,Mercedes-Benz GLE350 4matic,-1,22,255.0,AWD,502.0,178.0,115.0,48.9,,98.2,400.0,Mercedes-Benz,33
36294,Volkswagen Tiguan 4motion,-1,23,184.0,AWD,233.0,128.0,87.8,41.6,,91.0,371.0,Volkswagen,44
36295,Audi Q7 2.0L,-1,21,248.0,AWD,482.0,187.0,113.0,49.5,,103.0,420.0,Audi,3
36296,Audi RS Q8,-1,15,591.0,AWD,1005.0,254.0,166.0,55.2,,140.0,570.0,Audi,3
36297,Audi Q7 3.0L,-1,20,335.0,AWD,534.0,193.0,118.0,51.0,,106.0,434.0,Audi,3
36298,Audi Q8,-1,20,335.0,AWD,599.0,193.0,125.0,50.9,,106.0,434.0,Audi,3
36299,Audi SQ7,-1,17,500.0,AWD,746.0,224.0,140.0,53.6,,123.0,502.0,Audi,3
36300,Audi SQ8,-1,17,500.0,AWD,782.0,224.0,143.0,53.5,,123.0,502.0,Audi,3
36302,Lamborghini Urus,-1,14,641.0,AWD,1913.0,279.0,258.0,50.0,,153.0,624.0,Lamborghini,24
36303,Lexus LX 570,-1,14,383.0,AWD,761.0,285.0,141.0,57.7,,157.0,639.0,Lexus,26
36304,Toyota Land Cruiser Wagon 4WD,-1,15,381.0,AWD,752.0,205.0,140.0,57.9,,146.0,594.0,Toyota,43
36305,Audi A8 L PHEV 3.0L,53,23,443.0,AWD,783.0,129.0,149.0,52.0,10.7,178.0,202.0,Audi,3
36306,BMW 430i Coupe,-1,29,255.0,RWD,400.0,133.0,105.0,39.6,,73.0,298.0,BMW,4
36307,BMW 430i xDrive Coupe,-1,27,255.0,AWD,418.0,141.0,106.0,40.6,,77.6,317.0,BMW,4
36308,Mercedes-Benz A220 4matic,-1,28,188.0,AWD,313.0,136.0,95.9,38.1,,74.8,305.0,Mercedes-Benz,33
36309,Mercedes-Benz A220,-1,29,188.0,FWD,295.0,133.0,94.1,37.2,,73.2,299.0,Mercedes-Benz,33
36310,BMW 330i,-1,30,255.0,RWD,362.0,130.0,101.0,39.6,,71.4,292.0,BMW,4
36311,BMW 330i xDrive,-1,28,255.0,AWD,380.0,136.0,103.0,41.1,,74.8,305.0,BMW,4
36313,Mazda CX-3 2WD,-1,31,148.0,FWD,181.0,96.0,82.5,33.6,,68.3,279.0,Mazda,31
36314,Mazda CX-3 4WD,-1,29,148.0,AWD,193.0,103.0,83.8,34.8,,73.1,299.0,Mazda,31
36315,Mazda 3 4-Door 2WD 2.0L,-1,31,155.0,FWD,180.0,95.8,82.4,35.7,,68.2,279.0,Mazda,31
36316,Mazda 3 4-Door 2WD 2.5L,-1,29,186.0,FWD,189.0,101.0,83.3,35.7,,72.2,295.0,Mazda,31
36317,Mazda 3 4-Door 4WD,-1,28,186.0,AWD,211.0,106.0,85.6,37.1,,75.6,309.0,Mazda,31
36318,BMW X2 sDrive28i,-1,27,228.0,FWD,321.0,143.0,96.7,38.9,,78.5,320.0,BMW,4
36320,Hyundai Elantra 2.0L Auto,-1,37,147.0,FWD,172.0,80.9,81.7,33.8,,57.6,236.0,Hyundai,18
36321,Infiniti Q50,-1,23,300.0,RWD,321.0,166.0,96.7,40.5,,91.3,372.0,Infiniti,19
36322,Infiniti Q50 AWD,-1,22,300.0,AWD,339.0,176.0,98.5,41.7,,96.8,395.0,Infiniti,19
36324,Infiniti Q50 Red Sport,-1,22,400.0,RWD,489.0,173.0,114.0,41.8,,95.1,388.0,Infiniti,19
36325,Infiniti Q50 Red Sport AWD,-1,22,400.0,AWD,507.0,178.0,115.0,43.0,,98.2,400.0,Infiniti,19
36326,Mazda 3 5-Door 2WD Manual,-1,27,186.0,FWD,244.0,109.0,88.9,35.0,,77.6,317.0,Mazda,31
36327,Mazda 3 5-Door 2WD Auto,-1,29,186.0,FWD,197.0,103.0,84.2,35.6,,73.0,298.0,Mazda,31
36328,Mazda 3 5-Door 4WD,-1,27,186.0,AWD,220.0,109.0,86.5,37.0,,77.5,316.0,Mazda,31
36329,Honda Civic 5Dr 180HP,-1,32,180.0,FWD,204.0,120.0,84.9,33.9,,66.1,270.0,Honda,17
36330,Honda Civic 5Dr 174HP,-1,34,174.0,FWD,195.0,86.4,83.9,34.1,,61.5,252.0,Honda,17
36332,Kia K5 AWD,-1,29,180.0,AWD,233.0,103.0,87.8,36.1,,73.0,298.0,Kia,23
36333,Mercedes-Benz AMG GLA35 4matic,-1,25,302.0,AWD,417.0,152.0,106.0,40.2,,83.7,342.0,Mercedes-Benz,33
36335,Ram Promaster City,-1,24,178.0,FWD,215.0,126.0,86.0,39.0,,89.7,366.0,Ram,39
36336,Genesis GV80 RWD,-1,23,300.0,RWD,429.0,170.0,108.0,46.8,,93.8,383.0,Genesis,16
36338,Jeep Cherokee FWD 2.4L,-1,25,180.0,FWD,233.0,118.0,87.8,39.7,,83.9,342.0,Jeep,21
36339,Jeep Cherokee FWD 3.2L,-1,23,271.0,FWD,265.0,128.0,91.0,40.7,,91.3,372.0,Jeep,21
36341,Jeep Cherokee 4WD 2.4L,-1,24,180.0,AWD,246.0,124.0,89.1,42.0,,88.5,361.0,Jeep,21
36342,Jeep Cherokee 4WD 3.2L,-1,22,271.0,AWD,278.0,136.0,92.3,42.7,,96.8,395.0,Jeep,21
36346,Jeep Cherokee Trailhawk 4WD,-1,20,271.0,AWD,312.0,147.0,95.8,45.1,,105.0,427.0,Jeep,21
36348,Genesis GV80 AWD 2.5L,-1,23,300.0,AWD,480.0,170.0,113.0,49.6,,93.8,383.0,Genesis,16
36349,Genesis GV80 AWD 3.5L,-1,20,375.0,AWD,519.0,193.0,117.0,50.7,,106.0,434.0,Genesis,16
36352,Lexus ES 350,-1,26,302.0,FWD,351.0,116.0,99.7,40.5,,82.9,338.0,Lexus,26
36354,Lexus ES 300h,-1,43,215.0,FWD,368.0,68.6,101.0,39.8,48.9,48.9,200.0,Lexus,26
36355,Lexus ES 250 AWD,-1,28,203.0,AWD,351.0,105.0,99.7,41.2,,74.8,305.0,Lexus,26
36357,Mercedes-Benz E350,-1,25,255.0,RWD,476.0,152.0,112.0,41.3,,83.9,342.0,Mercedes-Benz,33
36358,Mercedes-Benz E350 4matic,-1,25,255.0,AWD,498.0,154.0,115.0,42.5,,84.9,346.0,Mercedes-Benz,33
36359,Toyota Tacoma 2WD 3.5L,-1,21,278.0,RWD,249.0,142.0,89.4,43.7,,101.0,413.0,Toyota,43
36360,Toyota Tacoma 2WD 2.7L,-1,21,159.0,RWD,229.0,140.0,87.4,42.3,,99.9,407.0,Toyota,43
36361,Toyota Tacoma 4WD 3.5L Auto,-1,20,278.0,AWD,280.0,152.0,92.5,45.6,,108.0,441.0,Toyota,43
36362,Toyota Tacoma 4WD 3.5L Manual,-1,19,278.0,AWD,311.0,160.0,95.7,46.8,,114.0,465.0,Toyota,43
36364,Toyota Tacoma 4WD 2.7L Auto,-1,20,159.0,AWD,256.0,147.0,90.2,44.3,,105.0,427.0,Toyota,43
36365,Chevrolet Silverado 2WD 5.3L,-1,17,355.0,RWD,284.0,173.0,93.0,48.8,,123.0,502.0,Chevrolet,9
36369,Chevrolet Silverado 2WD Diesel 3.0L,-1,27,277.0,RWD,387.0,119.0,103.0,50.8,,72.5,333.0,Chevrolet,9
36370,GMC Sierra 2WD 5.3L,-1,17,355.0,RWD,276.0,173.0,92.1,49.6,,123.0,502.0,GMC,15
36373,GMC Sierra 2WD Diesel 3.0L,-1,26,277.0,RWD,383.0,123.0,103.0,51.2,,75.1,345.0,GMC,15
36376,Chevrolet Silverado 4WD 5.3L,12,16,355.0,AWD,325.0,192.0,97.0,50.4,,136.0,555.0,Chevrolet,9
36380,Chevrolet Silverado 4WD Diesel 3.0L,-1,24,277.0,AWD,416.0,134.0,106.0,53.2,,81.6,376.0,Chevrolet,9
36384,Chevrolet Silverado 4WD 4.3L,-1,17,285.0,AWD,309.0,176.0,95.5,50.4,,126.0,511.0,Chevrolet,9
36385,GMC Sierra 4WD 6.2L,-1,18,420.0,AWD,468.0,219.0,112.0,52.8,,121.0,492.0,GMC,15
36387,GMC Sierra 4WD 5.3L,-1,17,355.0,AWD,316.0,176.0,96.2,51.6,,126.0,511.0,GMC,15
36389,GMC Sierra 4WD Diesel 3.0L,-1,24,277.0,AWD,412.0,134.0,106.0,53.7,,81.6,376.0,GMC,15
36396,GMC Sierra 4WD 4.3L,-1,17,285.0,AWD,304.0,176.0,94.9,50.0,,126.0,511.0,GMC,15
36403,Jeep Renegade 2WD 1.3L,-1,27,177.0,FWD,242.0,110.0,88.7,36.6,,78.5,320.0,Jeep,21
36404,Jeep Renegade 2WD 2.4L,-1,25,180.0,FWD,201.0,119.0,84.5,35.3,,84.9,346.0,Jeep,21
36405,Kia Sorento Hybrid,-1,37,177.0,FWD,295.0,80.4,94.0,42.6,1.1,57.2,234.0,Kia,23
36406,Lexus RX 350,-1,23,295.0,FWD,396.0,132.0,104.0,44.9,,93.7,382.0,Lexus,26
36407,Mazda CX-5 2WD,-1,27,187.0,FWD,222.0,109.0,86.6,39.4,,77.5,316.0,Mazda,31
36409,Mazda CX-9 2WD,-1,24,250.0,FWD,298.0,122.0,94.4,45.0,,87.2,356.0,Mazda,31
36410,Toyota Highlander,-1,23,295.0,FWD,305.0,130.0,95.1,44.2,,92.5,377.0,Toyota,43
36413,Toyota Highlander Hybrid,-1,36,186.0,FWD,337.0,83.9,98.3,44.8,59.7,59.7,244.0,Toyota,43
36414,Jeep Renegade 4WD 2.4L,-1,24,180.0,AWD,214.0,124.0,85.8,36.6,,88.5,361.0,Jeep,21
36415,Lexus RX 350 AWD,-1,22,295.0,AWD,409.0,138.0,106.0,46.2,,98.2,400.0,Lexus,26
36416,Mazda CX-5 4WD,-1,26,187.0,AWD,234.0,113.0,87.9,40.5,,80.5,329.0,Mazda,31
36418,Mazda CX-9 4WD,-1,22,250.0,AWD,315.0,134.0,96.0,46.4,,95.1,388.0,Mazda,31
36419,Mercedes-Benz GLB250 4matic,-1,26,221.0,AWD,351.0,150.0,99.8,41.1,,82.6,337.0,Mercedes-Benz,33
36420,Toyota Highlander AWD,-1,23,295.0,AWD,320.0,132.0,96.5,45.7,,93.7,382.0,Toyota,43
36421,Land Rover Defender 110 MHEV,-1,19,296.0,AWD,443.0,204.0,109.0,49.7,,112.0,457.0,Land,25
36422,Land Rover Defender 90 MHEV,-1,19,296.0,AWD,405.0,204.0,105.0,47.5,,112.0,457.0,Land,25
36424,Lexus RX 450h AWD,-1,30,308.0,AWD,420.0,130.0,107.0,48.2,71.8,71.8,293.0,Lexus,26
36425,Toyota Highlander Hybrid AWD,-1,35,186.0,AWD,351.0,85.2,99.7,45.9,1.1,60.6,248.0,Toyota,43
36426,Toyota Highlander Hybrid AWD LTD/PLAT,-1,35,186.0,AWD,442.0,86.3,109.0,47.0,61.4,61.4,251.0,Toyota,43
36427,MINI Cooper SE Countryman All4,73,29,181.0,AWD,320.0,101.0,101.0,41.2,7.27,128.0,169.0,MINI,29
36428,Polestar 1,58,25,619.0,AWD,1294.0,96.0,202.0,47.9,25.8,215.0,83.5,Polestar,37
36429,Volvo XC60 AWD PHEV,56,27,400.0,AWD,422.0,116.0,112.0,47.2,7.88,159.0,182.0,Volvo,45
36432,Mercedes-Benz AMG A35 4matic,-1,25,302.0,AWD,402.0,156.0,105.0,39.1,,86.0,351.0,Mercedes-Benz,33
36442,Ford EcoSport FWD,-1,28,123.0,FWD,175.0,107.0,82.0,35.0,,76.2,311.0,Ford,14
36443,Honda Passport FWD,-1,22,280.0,FWD,286.0,136.0,93.1,42.7,,96.6,394.0,Honda,17
36446,Ford EcoSport AWD,-1,25,166.0,AWD,189.0,118.0,83.4,37.3,,83.7,342.0,Ford,14
36447,Honda Passport AWD,-1,21,280.0,AWD,304.0,142.0,94.9,44.2,,101.0,413.0,Honda,17
36448,Jeep Renegade Trailhawk 4WD,-1,24,177.0,AWD,254.0,124.0,89.9,39.2,,88.4,361.0,Jeep,21
36450,Dodge Durango RWD 3.6L,-1,22,293.0,RWD,279.0,138.0,92.4,48.7,,98.2,400.0,Dodge,11
36451,Jeep Grand Cherokee 2WD,-1,22,293.0,RWD,300.0,138.0,94.6,47.2,,98.2,400.0,Jeep,21
36452,Dodge Durango AWD 3.6L,-1,21,293.0,AWD,302.0,145.0,94.7,49.8,,103.0,420.0,Dodge,11
36453,Jeep Grand Cherokee 4WD,-1,21,293.0,AWD,318.0,145.0,96.4,48.1,,103.0,420.0,Jeep,21
36455,Mercedes-Benz GLE450 4matic,-1,23,362.0,AWD,548.0,168.0,120.0,51.3,,92.3,377.0,Mercedes-Benz,33
36457,Mercedes-Benz GLS450 4matic,-1,22,362.0,AWD,667.0,178.0,132.0,55.0,,98.2,400.0,Mercedes-Benz,33
36458,Pagani Huayra Roadster BC (2020),-1,12,791.0,RWD,30716.0,328.0,3171.0,32.9,,180.0,734.0,Pagani,36
36459,Bentley Continental GT Convertible,-1,14,626.0,AWD,2113.0,268.0,278.0,53.9,,148.0,601.0,Bentley,5
36462,Audi A6 quattro 2.0L,-1,26,248.0,AWD,482.0,148.0,113.0,43.9,,81.6,333.0,Audi,3
36463,Bentley Flying Spur,-1,14,626.0,AWD,1902.0,268.0,257.0,54.3,,148.0,601.0,Bentley,5
36464,Maserati Ghibli Trofeo,-1,15,580.0,RWD,964.0,250.0,162.0,45.8,,138.0,560.0,Maserati,30
36465,Maserati Ghibli SQ4,-1,19,424.0,AWD,699.0,205.0,135.0,44.0,,113.0,459.0,Maserati,30
36466,Maserati Ghibli,-1,20,345.0,RWD,634.0,194.0,128.0,42.9,,107.0,436.0,Maserati,30
36468,Maserati Ghibli S,-1,20,424.0,RWD,677.0,194.0,133.0,42.9,,107.0,436.0,Maserati,30
36470,Maserati Quattroporte Trofeo,-1,15,580.0,RWD,1250.0,250.0,191.0,46.4,,138.0,560.0,Maserati,30
36471,Maserati Quattroporte SQ4,-1,19,424.0,AWD,936.0,205.0,159.0,44.9,,113.0,459.0,Maserati,30
36472,Maserati Quattroporte S,-1,19,424.0,RWD,897.0,205.0,155.0,43.9,,113.0,459.0,Maserati,30
36473,Chevrolet Silverado 2WD 4.3L,-1,18,285.0,RWD,268.0,166.0,91.4,47.9,,118.0,482.0,Chevrolet,9
36474,Chevrolet Silverado 2WD 2.7L,-1,21,310.0,RWD,270.0,140.0,91.5,47.3,,99.9,407.0,Chevrolet,9
36476,GMC Sierra 2WD 4.3L,-1,18,285.0,RWD,263.0,166.0,90.8,47.9,,118.0,482.0,GMC,15
36477,GMC Sierra 2WD 2.7L,-1,21,310.0,RWD,343.0,140.0,98.9,47.3,,99.9,407.0,GMC,15
36480,Chevrolet Silverado 4WD TrailBoss,-1,17,420.0,AWD,400.0,233.0,105.0,53.2,,128.0,522.0,Chevrolet,9
36481,Chevrolet Silverado 4WD 2.7L,-1,20,310.0,AWD,310.0,147.0,95.6,49.6,,105.0,427.0,Chevrolet,9
36485,GMC Sierra 4WD 2.7L,-1,19,310.0,AWD,314.0,155.0,95.9,49.6,,110.0,450.0,GMC,15
36491,Chevrolet Equinox FWD,-1,28,170.0,FWD,209.0,106.0,85.3,37.1,,75.7,309.0,Chevrolet,9
36492,Buick Envision AWD,-1,25,228.0,AWD,295.0,121.0,94.0,41.9,,86.0,351.0,Buick,7
36493,Buick Enclave FWD,-1,21,310.0,FWD,351.0,143.0,99.7,46.0,,102.0,414.0,Buick,7
36494,Chevrolet Traverse FWD,-1,21,310.0,FWD,272.0,141.0,91.7,46.0,,100.0,409.0,Chevrolet,9
36495,Toyota Sequoia 2WD,-1,15,381.0,RWD,440.0,205.0,109.0,57.2,,146.0,594.0,Toyota,43
36496,Buick Enclave AWD,-1,20,310.0,AWD,386.0,150.0,103.0,47.7,,107.0,436.0,Buick,7
36497,Chevrolet Traverse AWD,-1,20,310.0,AWD,317.0,150.0,96.3,47.5,,107.0,436.0,Chevrolet,9
36498,Land Rover Range Rover MHEV,-1,20,355.0,AWD,807.0,193.0,146.0,51.0,,106.0,434.0,Land,25
36499,Maserati Levante S,-1,18,424.0,AWD,750.0,211.0,140.0,48.4,,116.0,474.0,Maserati,30
36500,Maserati Levante,-1,18,345.0,AWD,654.0,211.0,130.0,48.4,,116.0,474.0,Maserati,30
36502,Maserati Levante GTS,-1,15,550.0,AWD,1071.0,250.0,173.0,49.4,,138.0,560.0,Maserati,30
36503,Maserati Levante Trofeo,-1,15,590.0,AWD,1316.0,250.0,197.0,49.4,,138.0,560.0,Maserati,30
36504,Toyota Sequoia 4WD,-1,15,381.0,AWD,468.0,205.0,112.0,59.3,,146.0,594.0,Toyota,43
36506,Lincoln Aviator PHEV AWD,56,23,494.0,AWD,549.0,101.0,126.0,54.9,10.3,173.0,197.0,Lincoln,27
36508,Porsche 718 Boxster Manual,-1,22,300.0,RWD,544.0,173.0,119.0,35.0,,95.1,388.0,Porsche,38
36509,Porsche 718 Boxster Auto,-1,23,300.0,RWD,572.0,165.0,122.0,35.5,,91.0,371.0,Porsche,38
36510,Porsche 718 Cayman Manual,-1,22,300.0,RWD,526.0,173.0,117.0,35.1,,95.1,388.0,Porsche,38
36511,Porsche 718 Cayman Auto,-1,23,300.0,RWD,554.0,165.0,120.0,35.6,,91.0,371.0,Porsche,38
36513,Porsche 718 Boxster S Manual,-1,21,350.0,RWD,649.0,184.0,130.0,35.4,,101.0,413.0,Porsche,38
36514,Porsche 718 Boxster S Auto,-1,21,350.0,RWD,678.0,181.0,133.0,36.0,,99.6,406.0,Porsche,38
36515,Porsche 718 Cayman S Manual,-1,21,350.0,RWD,631.0,184.0,128.0,35.6,,101.0,413.0,Porsche,38
36516,Porsche 718 Cayman S Auto,-1,21,350.0,RWD,659.0,181.0,131.0,36.1,,99.6,406.0,Porsche,38
36517,Porsche 718 Boxster T Manual,-1,22,300.0,RWD,623.0,173.0,127.0,35.3,,95.1,388.0,Porsche,38
36518,Porsche 718 Boxster T Auto,-1,23,300.0,RWD,656.0,165.0,131.0,35.8,,91.0,371.0,Porsche,38
36519,Porsche 718 Cayman T Manual,-1,22,300.0,RWD,605.0,173.0,125.0,35.4,,95.1,388.0,Porsche,38
36520,Porsche 718 Cayman T Auto,-1,23,300.0,RWD,637.0,165.0,129.0,35.9,,91.0,371.0,Porsche,38
36521,Audi A5 quattro,-1,27,201.0,AWD,367.0,144.0,101.0,41.1,,79.5,324.0,Audi,3
36522,Audi A5 Cabriolet quattro,-1,26,261.0,AWD,442.0,148.0,109.0,43.4,,81.6,333.0,Audi,3
36524,Lexus RC 300 AWD,-1,22,260.0,AWD,394.0,178.0,104.0,42.1,,98.2,400.0,Lexus,26
36525,Lexus RC 350,-1,23,260.0,RWD,396.0,168.0,104.0,41.0,,92.5,377.0,Lexus,26
36526,Lexus RC 350 AWD,-1,22,260.0,AWD,415.0,178.0,106.0,42.1,,98.2,400.0,Lexus,26
36527,Lexus RC 300,-1,25,241.0,RWD,371.0,157.0,102.0,40.9,,86.4,353.0,Lexus,26
36528,Lexus RC F,-1,19,472.0,RWD,435.0,205.0,108.0,42.1,,113.0,459.0,Lexus,26
36530,Acura TLX AWD,-1,24,272.0,AWD,347.0,161.0,99.3,42.4,,88.5,361.0,Acura,0
36532,Acura TLX FWD,-1,25,272.0,FWD,329.0,152.0,97.5,40.7,,83.9,342.0,Acura,0
36535,Cadillac CT4,-1,27,237.0,RWD,293.0,143.0,93.9,38.3,,78.8,322.0,Cadillac,8
36537,Mercedes-Benz CLS450,-1,26,362.0,RWD,617.0,150.0,127.0,44.1,,82.6,337.0,Mercedes-Benz,33
36538,Mercedes-Benz CLS450 4matic,-1,25,362.0,AWD,639.0,156.0,129.0,45.1,,86.0,351.0,Mercedes-Benz,33
36539,Volkswagen GTI Auto,-1,27,228.0,FWD,259.0,110.0,90.4,36.6,,78.5,320.0,Volkswagen,44
36540,Volkswagen GTI Manual,-1,26,228.0,FWD,252.0,116.0,89.7,36.0,,82.6,337.0,Volkswagen,44
36541,Volkswagen Jetta GLI Auto,-1,28,228.0,FWD,238.0,107.0,88.3,37.3,,75.9,310.0,Volkswagen,44
36542,Volkswagen Jetta GLI Manual,-1,27,228.0,FWD,231.0,109.0,87.6,36.7,,77.6,317.0,Volkswagen,44
36543,Volkswagen Jetta Auto,-1,33,147.0,FWD,174.0,90.9,81.8,34.6,,64.7,265.0,Volkswagen,44
36544,Volkswagen Jetta Manual,-1,34,147.0,FWD,167.0,87.4,81.1,34.0,,62.2,254.0,Volkswagen,44
36546,Volkswagen Golf Auto,-1,32,147.0,FWD,211.0,93.8,85.5,35.0,,66.8,273.0,Volkswagen,44
36547,Volkswagen Golf Manual,-1,33,147.0,FWD,204.0,90.9,84.8,34.4,,64.7,265.0,Volkswagen,44
36553,Cadillac CT5,-1,26,237.0,RWD,325.0,146.0,97.0,40.2,,80.6,329.0,Cadillac,8
36555,Volkswagen Arteon 4motion,-1,24,268.0,AWD,342.0,162.0,98.8,41.8,,89.2,364.0,Volkswagen,44
36557,Volkswagen Arteon,-1,26,268.0,FWD,325.0,151.0,97.0,40.5,,82.9,338.0,Volkswagen,44
36560,Ford Transit Connect Van FWD,-1,23,169.0,FWD,219.0,132.0,86.4,39.7,,93.7,382.0,Ford,14
36561,Ford Transit Connect Wagon LWB FWD,-1,22,169.0,FWD,243.0,134.0,88.8,43.3,,95.1,388.0,Ford,14
36564,Ford Transit Connect Van FFV,19,25,162.0,FWD,216.0,118.0,86.1,39.6,,84.0,343.0,Ford,14
36567,Ford Transit Connect Wagon LWB FFV,19,26,162.0,FWD,240.0,115.0,88.5,43.0,,81.6,333.0,Ford,14
36569,Kia Sorento FWD 191HP,-1,26,191.0,FWD,258.0,115.0,90.3,40.7,,81.6,333.0,Kia,23
36570,Kia Sorento FWD 281HP,-1,25,281.0,FWD,307.0,121.0,95.3,41.3,,86.0,351.0,Kia,23
36571,Mercedes-Benz GLC300,-1,25,255.0,RWD,379.0,156.0,103.0,42.1,,86.0,351.0,Mercedes-Benz,33
36572,Volkswagen Atlas Cross Sport 2.0L,-1,22,235.0,FWD,271.0,134.0,91.6,43.8,,95.4,389.0,Volkswagen,44
36573,Audi Q5 ICEV,-1,25,261.0,AWD,380.0,154.0,103.0,46.3,,84.9,346.0,Audi,3
36574,Audi Q3 quattro,-1,25,184.0,AWD,298.0,119.0,94.4,42.2,,84.9,346.0,Audi,3
36575,Kia Sorento AWD 191HP,-1,24,191.0,AWD,274.0,125.0,91.9,41.8,,89.0,363.0,Kia,23
36576,Kia Sorento AWD 281HP,-1,24,281.0,AWD,323.0,126.0,96.9,42.5,,89.7,366.0,Kia,23
36578,Mercedes-Benz GLC300 4matic,-1,24,255.0,AWD,397.0,163.0,104.0,42.8,,89.7,366.0,Mercedes-Benz,33
36579,Mercedes-Benz GLC300 4matic Coupe,-1,24,255.0,AWD,453.0,158.0,110.0,43.3,,87.2,356.0,Mercedes-Benz,33
36580,Volkswagen Atlas Cross Sport 4motion 3.6L,-1,19,276.0,AWD,352.0,155.0,99.8,47.0,,110.0,449.0,Volkswagen,44
36582,Ford Explorer RWD,-1,24,300.0,RWD,283.0,126.0,92.8,45.9,,89.7,366.0,Ford,14
36584,Lincoln Aviator RWD,-1,21,400.0,RWD,448.0,143.0,110.0,49.4,,102.0,414.0,Lincoln,27
36585,Aston Martin DBX V8,-1,16,542.0,AWD,1552.0,248.0,221.0,50.7,,136.0,555.0,Aston,2
36587,Ford Explorer AWD 3.0L,-1,20,365.0,AWD,462.0,147.0,111.0,49.0,,105.0,427.0,Ford,14
36590,Ford Explorer HEV AWD,-1,24,318.0,AWD,455.0,123.0,110.0,49.6,,87.5,357.0,Ford,14
36591,Ford Explorer AWD 2.3L,-1,23,300.0,AWD,300.0,132.0,94.6,47.5,,93.7,382.0,Ford,14
36592,Lincoln Aviator AWD,-1,20,400.0,AWD,470.0,152.0,112.0,50.3,,108.0,442.0,Lincoln,27
36593,Polestar 2,92,-1,408.0,AWD,460.0,42.3,78.3,38.0,39.0,160.0,,Polestar,37
36594,Volvo XC40 AWD BEV,79,-1,402.0,AWD,408.0,49.6,74.8,38.5,39.0,188.0,,Volvo,45
36595,Ferrari SF90 Stradale Coupe,51,18,986.0,AWD,4419.0,188.0,514.0,39.4,5.98,161.0,375.0,Ferrari,12
36596,Acura ILX,-1,28,201.0,FWD,228.0,139.0,87.2,35.6,,76.7,313.0,Acura,0
36597,Toyota Corolla APEX Auto,-1,34,169.0,FWD,221.0,88.2,86.6,35.8,,62.8,257.0,Toyota,43
36598,Toyota Corolla APEX Manual,-1,31,169.0,FWD,224.0,95.8,86.9,35.3,,68.2,279.0,Toyota,43
36601,Mazda 6,-1,29,187.0,FWD,213.0,101.0,85.8,38.4,,72.2,295.0,Mazda,31
36603,Toyota Camry,-1,26,203.0,FWD,219.0,115.0,86.4,37.4,,82.0,335.0,Toyota,43
36604,Toyota Camry TRD,-1,25,301.0,FWD,282.0,118.0,92.8,39.6,,83.9,342.0,Toyota,43
36605,Toyota Camry XSE,-1,26,206.0,FWD,267.0,116.0,91.2,38.3,,82.9,338.0,Toyota,43
36607,Toyota Camry XLE/XSE,-1,31,203.0,FWD,262.0,96.0,90.7,38.0,,68.4,279.0,Toyota,43
36608,Toyota Camry Hybrid LE,-1,52,208.0,FWD,239.0,57.5,88.4,37.8,1.1,40.9,168.0,Toyota,43
36609,Toyota Camry Hybrid SE/XLE/XSE,-1,45,208.0,FWD,253.0,65.8,89.8,38.2,46.9,46.9,192.0,Toyota,43
36610,Toyota Camry AWD LE/SE,-1,28,202.0,AWD,231.0,105.0,87.6,38.7,,74.8,305.0,Toyota,43
36612,Toyota Camry AWD XLE/XSE,-1,28,202.0,AWD,274.0,105.0,92.0,39.3,,74.8,305.0,Toyota,43
36613,Honda HR-V FWD,-1,30,141.0,FWD,184.0,98.0,82.9,34.1,,69.8,285.0,Honda,17
36615,Honda HR-V AWD,-1,29,141.0,AWD,198.0,104.0,84.2,35.4,,74.0,302.0,Honda,17
36618,Lincoln Corsair FWD,-1,25,250.0,FWD,317.0,121.0,96.3,40.5,,86.0,351.0,Lincoln,27
36619,Lincoln Corsair AWD 2.0L,-1,24,250.0,AWD,336.0,124.0,98.2,41.8,,88.5,361.0,Lincoln,27
36620,Lincoln Corsair AWD 2.3L,-1,24,280.0,AWD,358.0,126.0,100.0,41.8,,89.7,366.0,Lincoln,27
36621,Dodge Durango RWD 5.7L,-1,17,360.0,RWD,398.0,178.0,104.0,52.6,,127.0,516.0,Dodge,11
36623,Dodge Durango AWD 5.7L,-1,17,360.0,AWD,420.0,178.0,107.0,53.8,,127.0,516.0,Dodge,11
36624,Land Rover Range Rover PHEV,42,19,398.0,AWD,796.0,159.0,150.0,53.6,9.85,218.0,250.0,Land,25
36625,Land Rover Range Rover Sport PHEV,42,19,398.0,AWD,673.0,159.0,138.0,53.1,9.85,218.0,250.0,Land,25
36626,Audi R8 2WD,-1,17,532.0,RWD,1252.0,227.0,191.0,39.7,,125.0,509.0,Audi,3
36627,Audi R8 Spyder 2WD,-1,17,532.0,RWD,1359.0,227.0,202.0,41.8,,125.0,509.0,Audi,3
36629,Audi TT Coupe quattro,-1,26,220.0,AWD,437.0,115.0,108.0,36.5,,81.6,333.0,Audi,3
36630,Audi TT RS,-1,24,394.0,AWD,636.0,164.0,129.0,37.6,,90.2,368.0,Audi,3
36631,Infiniti Q60,-1,22,300.0,RWD,366.0,174.0,101.0,41.0,,95.6,390.0,Infiniti,19
36632,Infiniti Q60 Red Sport,-1,23,400.0,RWD,510.0,170.0,116.0,42.1,,93.7,382.0,Infiniti,19
36634,Infiniti Q60 Red Sport AWD,-1,22,400.0,AWD,527.0,178.0,118.0,43.4,,98.2,400.0,Infiniti,19
36635,Infiniti Q60 AWD,-1,22,300.0,AWD,383.0,176.0,103.0,42.3,,96.8,395.0,Infiniti,19
36636,Mercedes-Benz C300 Coupe,-1,27,255.0,RWD,414.0,141.0,106.0,39.2,,77.6,317.0,Mercedes-Benz,33
36637,Mercedes-Benz C300 4matic Coupe,-1,26,255.0,AWD,432.0,146.0,108.0,40.4,,80.6,329.0,Mercedes-Benz,33
36638,Mercedes-Benz C300 4matic Convertible,-1,25,255.0,AWD,498.0,154.0,115.0,43.1,,84.9,346.0,Mercedes-Benz,33
36639,Mercedes-Benz C300 Convertible,-1,26,255.0,RWD,480.0,148.0,113.0,42.0,,81.6,333.0,Mercedes-Benz,33
36640,Mercedes-Benz AMG E53 4matic Plus Coupe,-1,24,429.0,AWD,669.0,163.0,132.0,46.5,,89.7,366.0,Mercedes-Benz,33
36641,Mercedes-Benz E450 Coupe,-1,26,362.0,RWD,570.0,148.0,122.0,44.6,,81.6,333.0,Mercedes-Benz,33
36642,Mercedes-Benz E450 4matic Coupe,-1,26,362.0,AWD,592.0,150.0,124.0,45.6,,82.6,337.0,Mercedes-Benz,33
36643,Mercedes-Benz AMG E53 4matic Plus Convertible,-1,23,429.0,AWD,727.0,165.0,138.0,47.7,,91.0,371.0,Mercedes-Benz,33
36645,Mercedes-Benz E450 Convertible,-1,26,362.0,RWD,631.0,150.0,128.0,45.7,,82.6,337.0,Mercedes-Benz,33
36646,Mercedes-Benz E450 4matic Convertible,-1,25,362.0,AWD,653.0,152.0,130.0,46.7,,83.7,342.0,Mercedes-Benz,33
36647,Audi A4 quattro,-1,28,201.0,AWD,343.0,136.0,98.9,40.4,,74.8,305.0,Audi,3
36648,Lexus IS 300 AWD,-1,22,260.0,AWD,360.0,178.0,101.0,41.8,,98.2,400.0,Lexus,26
36649,Lexus IS 350,-1,23,311.0,RWD,376.0,168.0,102.0,41.0,,92.5,377.0,Lexus,26
36650,Lexus IS 350 AWD,-1,22,311.0,AWD,394.0,178.0,104.0,42.0,,98.2,400.0,Lexus,26
36651,Lexus IS 300,-1,25,241.0,RWD,342.0,157.0,98.8,40.7,,86.4,353.0,Lexus,26
36653,Mercedes-Benz C300 4matic,-1,27,255.0,AWD,383.0,145.0,103.0,39.8,,79.7,325.0,Mercedes-Benz,33
36654,Mercedes-Benz AMG CLS53 4matic Plus,-1,23,429.0,AWD,716.0,168.0,137.0,46.8,,92.3,377.0,Mercedes-Benz,33
36658,Alfa Romeo Giulia 2.0L,-1,27,280.0,RWD,346.0,141.0,99.2,39.1,,77.6,317.0,Alfa,1
36659,Alfa Romeo Giulia AWD,-1,26,280.0,AWD,364.0,148.0,101.0,40.0,,81.6,333.0,Alfa,1
36660,Audi A5 Sportback quattro,-1,28,201.0,AWD,386.0,136.0,103.0,40.7,,74.8,305.0,Audi,3
36662,Honda Civic 4Dr 1.5L,-1,36,158.0,FWD,186.0,83.2,83.1,33.0,,59.2,242.0,Honda,17
36664,Honda Civic 4Dr 2.0L,-1,33,174.0,FWD,214.0,90.0,85.9,34.2,,64.0,262.0,Honda,17
36667,Mercedes-Benz AMG E53 4matic Plus,-1,25,429.0,AWD,649.0,156.0,130.0,45.1,,86.0,351.0,Mercedes-Benz,33
36668,Honda Accord,-1,33,192.0,FWD,217.0,90.0,86.2,36.1,,64.0,262.0,Honda,17
36669,Honda Accord Sport/Touring 1.5L,-1,31,192.0,FWD,239.0,94.9,88.4,36.7,,67.5,276.0,Honda,17
36670,Honda Accord Sport/Touring 2.0L,-1,26,252.0,FWD,280.0,116.0,92.5,38.0,,82.9,338.0,Honda,17
36671,Honda Accord Hybrid,-1,48,212.0,FWD,231.0,62.1,87.6,36.5,1.1,44.2,181.0,Honda,17
36672,Honda Accord Hybrid Sport/Touring,-1,43,212.0,FWD,318.0,70.0,96.4,37.5,49.8,49.8,204.0,Honda,17
36674,Alfa Romeo Stelvio,-1,25,280.0,RWD,364.0,156.0,101.0,42.2,,86.0,351.0,Alfa,1
36675,Buick Envision FWD,-1,27,228.0,FWD,279.0,112.0,92.4,40.5,,79.5,324.0,Buick,7
36676,GMC Terrain FWD,-1,27,170.0,FWD,263.0,110.0,90.8,38.5,,78.5,321.0,GMC,15
36678,Nissan Rogue FWD,-1,30,181.0,FWD,225.0,99.1,87.0,37.9,,70.5,288.0,Nissan,35
36679,Nissan Rogue FWD SV/SL/Platinum,-1,29,181.0,FWD,240.0,103.0,88.5,38.2,,73.0,298.0,Nissan,35
36680,Alfa Romeo Stelvio AWD 2.0L,-1,24,280.0,AWD,381.0,158.0,103.0,43.1,,87.2,356.0,Alfa,1
36681,Fiat 500X AWD,-1,26,177.0,AWD,218.0,113.0,86.3,37.4,,80.5,329.0,Fiat,13
36682,GMC Terrain AWD,-1,26,170.0,AWD,219.0,113.0,86.4,40.2,,80.8,330.0,GMC,15
36683,Nissan Rogue AWD,-1,29,181.0,AWD,237.0,104.0,88.2,38.9,,73.8,302.0,Nissan,35
36684,Nissan Rogue AWD SV/SL/Platinum,-1,28,181.0,AWD,252.0,108.0,89.7,39.2,,76.5,313.0,Nissan,35
36685,Porsche Macan GTS,-1,19,375.0,AWD,633.0,204.0,128.0,46.1,,112.0,457.0,Porsche,38
36686,Porsche Macan Turbo,-1,19,434.0,AWD,742.0,207.0,139.0,46.6,,114.0,465.0,Porsche,38
36687,Porsche Cayenne,-1,21,335.0,AWD,592.0,187.0,124.0,47.8,,103.0,420.0,Porsche,38
36689,Porsche Cayenne Coupe,-1,21,335.0,AWD,671.0,187.0,132.0,48.5,,103.0,420.0,Porsche,38
36690,Porsche Cayenne S,-1,20,434.0,AWD,747.0,197.0,140.0,49.1,,108.0,441.0,Porsche,38
36691,Porsche Cayenne GTS,-1,17,453.0,AWD,942.0,233.0,159.0,50.8,,128.0,522.0,Porsche,38
36692,Porsche Cayenne S Coupe,-1,20,434.0,AWD,789.0,197.0,144.0,49.0,,108.0,441.0,Porsche,38
36693,Porsche Cayenne GTS Coupe,-1,17,453.0,AWD,970.0,233.0,162.0,50.7,,128.0,522.0,Porsche,38
36694,Porsche Cayenne Turbo,-1,17,541.0,AWD,1122.0,233.0,178.0,51.7,,128.0,522.0,Porsche,38
36695,Porsche Cayenne Turbo Coupe,-1,17,541.0,AWD,1158.0,233.0,181.0,51.4,,128.0,522.0,Porsche,38
36697,Lexus UX 250h AWD,-1,40,181.0,AWD,308.0,75.3,95.4,38.8,53.6,53.6,220.0,Lexus,26
36698,Lexus UX 200,-1,32,169.0,FWD,289.0,92.8,93.4,37.4,,66.1,270.0,Lexus,26
36700,Nissan Altima,-1,32,188.0,FWD,213.0,93.0,85.8,36.5,,66.2,271.0,Nissan,35
36701,Nissan Altima SR,-1,31,188.0,FWD,230.0,97.0,87.5,37.3,,69.1,282.0,Nissan,35
36702,Nissan Altima AWD,-1,30,188.0,AWD,235.0,100.0,88.0,37.9,,71.4,292.0,Nissan,35
36704,Nissan Altima SV/SL,-1,31,188.0,FWD,235.0,97.0,88.0,38.3,,69.1,282.0,Nissan,35
36705,Nissan Altima SR/Platinum,-1,28,248.0,FWD,269.0,105.0,91.4,38.3,,74.8,305.0,Nissan,35
36706,Dodge Charger 5.7L,-1,19,370.0,RWD,325.0,156.0,97.0,45.4,,111.0,453.0,Dodge,11
36707,Chevrolet Equinox AWD,-1,27,170.0,AWD,245.0,110.0,89.0,38.7,,78.5,321.0,Chevrolet,9
36708,Jeep Renegade 4WD 1.3L,-1,25,177.0,AWD,255.0,118.0,90.0,36.6,,83.7,342.0,Jeep,21
36709,Dodge Durango SRT AWD,-1,15,475.0,AWD,553.0,254.0,120.0,54.3,,140.0,570.0,Dodge,11
36712,Jeep Grand Cherokee SRT 4WD,-1,15,475.0,AWD,609.0,254.0,126.0,52.8,,140.0,570.0,Jeep,21
36713,Tesla Model 3 Long Range AWD,134,-1,346.0,AWD,412.0,29.0,70.6,33.1,37.5,110.0,,Tesla,42
36714,Tesla Model 3 Performance AWD,113,-1,450.0,AWD,483.0,34.6,75.4,33.1,37.5,131.0,,Tesla,42
36715,Tesla Model X Long Range Plus,105,-1,518.0,AWD,702.0,37.1,90.2,41.9,50.0,141.0,,Tesla,42
36716,Tesla Model X Performance (20in Wheels),98,-1,762.0,AWD,877.0,39.9,102.0,42.4,50.0,151.0,,Tesla,42
36717,Tesla Model X Performance (22in Wheels),86,-1,762.0,AWD,926.0,45.3,105.0,42.4,50.0,172.0,,Tesla,42
36718,Tesla Model Y Long Range AWD,124,-1,384.0,AWD,439.0,31.4,72.4,36.1,37.5,119.0,,Tesla,42
36719,Tesla Model Y Performance AWD,111,-1,456.0,AWD,526.0,35.2,78.3,36.1,37.5,134.0,,Tesla,42
36720,Volvo S60 AWD PHEV,69,30,400.0,AWD,371.0,97.2,107.0,45.1,7.88,141.0,147.0,Volvo,45
36727,Bentley Continental GT,-1,19,542.0,AWD,1777.0,199.0,244.0,50.8,,110.0,447.0,Bentley,5
36729,Ram 1500 TRX 4WD,-1,11,702.0,AWD,614.0,336.0,126.0,62.6,,185.0,752.0,Ram,39
36730,Chrysler Pacifica,-1,22,287.0,FWD,308.0,134.0,95.3,47.3,,95.6,390.0,Chrysler,10
36731,Chrysler Voyager,-1,22,287.0,FWD,239.0,134.0,88.4,45.7,,95.6,390.0,Chrysler,10
36734,Hyundai Santa Fe FWD,-1,26,191.0,FWD,236.0,113.0,88.0,40.2,,80.8,330.0,Hyundai,18
36736,Hyundai Santa Fe AWD,-1,23,191.0,AWD,251.0,128.0,89.6,41.4,,91.3,372.0,Hyundai,18
36738,Audi Q5 PHEV,50,27,362.0,AWD,397.0,113.0,110.0,46.6,10.7,200.0,141.0,Audi,3
36739,Chevrolet Corvette,-1,19,490.0,RWD,517.0,206.0,116.0,39.2,,113.0,461.0,Chevrolet,9
36740,Lotus Evora GT Manual,-1,20,416.0,RWD,851.0,192.0,150.0,36.3,,105.0,430.0,Lotus,28
36741,Lotus Evora GT Auto,-1,20,416.0,RWD,875.0,197.0,153.0,36.3,,108.0,442.0,Lotus,28
36742,Porsche 911 Turbo,-1,17,572.0,AWD,1499.0,228.0,216.0,40.0,,126.0,511.0,Porsche,38
36743,Porsche 911 Turbo Cabriolet,-1,17,572.0,AWD,1611.0,228.0,227.0,41.3,,126.0,511.0,Porsche,38
36745,Porsche 911 Turbo S,-1,17,640.0,AWD,1786.0,228.0,245.0,40.1,,126.0,511.0,Porsche,38
36746,Porsche 911 Turbo S Cabriolet,-1,17,640.0,AWD,1898.0,228.0,256.0,41.3,,126.0,511.0,Porsche,38
36747,Nissan Versa Auto,-1,35,122.0,FWD,146.0,84.8,78.9,32.0,,60.4,247.0,Nissan,35
36748,Nissan Versa Manual,-1,30,122.0,FWD,131.0,99.1,77.5,31.6,,70.5,288.0,Nissan,35
36749,Dodge Challenger 3.6L Auto,-1,23,305.0,RWD,248.0,131.0,89.3,41.9,,93.3,380.0,Dodge,11
36750,Dodge Challenger 5.7L Auto,-1,19,375.0,RWD,321.0,156.0,96.7,44.5,,111.0,453.0,Dodge,11
36751,Dodge Challenger 5.7L Manual,-1,18,375.0,RWD,307.0,217.0,95.3,44.5,,119.0,486.0,Dodge,11
36754,Dodge Challenger SRT Auto,-1,16,717.0,RWD,559.0,242.0,121.0,46.6,,133.0,542.0,Dodge,11
36756,Dodge Challenger SRT Manual,-1,16,717.0,RWD,533.0,246.0,118.0,46.6,,135.0,551.0,Dodge,11
36759,Dodge Challenger AWD,-1,21,305.0,AWD,273.0,141.0,91.8,43.5,,100.0,409.0,Dodge,11
36760,Dodge Challenger SRT Widebody Auto,-1,16,717.0,RWD,612.0,246.0,126.0,47.2,,135.0,551.0,Dodge,11
36761,Dodge Challenger SRT Widebody Manual,-1,16,717.0,RWD,585.0,246.0,123.0,47.2,,135.0,551.0,Dodge,11
36762,Hyundai Elantra 1.6L Auto,-1,31,201.0,FWD,221.0,95.8,86.6,35.0,,68.2,279.0,Hyundai,18
36763,Hyundai Elantra 1.6L Manual,-1,28,201.0,FWD,211.0,105.0,85.6,34.5,,74.8,305.0,Hyundai,18
36764,Chrysler 300 3.6L,-1,23,292.0,RWD,267.0,131.0,91.2,43.1,,93.3,380.0,Chrysler,10
36765,Chrysler 300 5.7L,-1,19,363.0,RWD,363.0,156.0,101.0,44.3,,111.0,453.0,Chrysler,10
36767,Chrysler 300 AWD,-1,21,292.0,AWD,291.0,141.0,93.7,45.2,,100.0,409.0,Chrysler,10
36768,Dodge Charger 3.6L,-1,23,292.0,RWD,263.0,131.0,90.8,42.7,,93.3,380.0,Dodge,11
36770,Dodge Charger AWD,-1,21,300.0,AWD,295.0,141.0,94.0,44.7,,100.0,409.0,Dodge,11
36771,Dodge Charger SRT Widebody,-1,15,717.0,RWD,690.0,259.0,134.0,47.8,,143.0,581.0,Dodge,11
36773,Hyundai Sonata 2.5L 290HP,-1,27,290.0,FWD,291.0,112.0,93.7,39.4,,79.7,325.0,Hyundai,18
36774,Ford F150 2WD 3.5L,-1,20,400.0,RWD,313.0,147.0,95.8,48.7,,105.0,427.0,Ford,14
36775,Ford F150 2WD 2.7L,-1,22,325.0,RWD,264.0,134.0,91.0,43.2,,95.1,388.0,Ford,14
36776,Ford F150 2WD FFV 3.3L,16,22,290.0,RWD,254.0,138.0,89.9,43.2,,98.2,400.0,Ford,14
36778,Ford F150 2WD FFV 5.0L,14,20,400.0,RWD,271.0,152.0,91.7,44.3,,108.0,442.0,Ford,14
36781,Ford F150 4WD 3.5L,-1,20,400.0,AWD,343.0,149.0,98.9,50.4,,106.0,434.0,Ford,14
36782,Ford F150 4WD 2.7L,-1,21,325.0,AWD,305.0,142.0,95.1,45.3,,101.0,413.0,Ford,14
36783,Ford F150 4WD HEV,-1,24,430.0,AWD,403.0,124.0,105.0,47.9,88.4,88.4,361.0,Ford,14
36784,Ford F150 4WD FFV 3.3L,16,20,290.0,AWD,295.0,147.0,94.0,45.3,,105.0,427.0,Ford,14
36785,Ford F150 4WD FFV 5.0L,13,18,400.0,AWD,312.0,163.0,95.8,45.9,,116.0,474.0,Ford,14
36789,Toyota Sienna Hybrid 2WD,-1,36,245.0,FWD,302.0,82.8,94.8,47.1,1.1,59.0,241.0,Toyota,43
36790,Toyota Sienna Hybrid AWD,-1,35,245.0,AWD,320.0,84.1,96.6,47.1,1.1,59.9,245.0,Toyota,43
36791,Honda CR-V FWD,-1,30,190.0,FWD,222.0,98.0,86.7,37.6,,69.8,285.0,Honda,17
36792,Mitsubishi Outlander Sport 2WD,-1,26,148.0,FWD,202.0,113.0,84.6,35.8,,80.5,329.0,Mitsubishi,34
36794,Honda CR-V AWD,-1,29,190.0,AWD,236.0,103.0,88.0,38.6,,73.1,299.0,Honda,17
36795,Honda CR-V Hybrid AWD,-1,38,190.0,AWD,268.0,79.3,91.3,39.6,1.1,56.5,231.0,Honda,17
36796,Mitsubishi Outlander Sport 4WD 2.0L,-1,25,148.0,AWD,215.0,118.0,86.0,37.0,,83.7,342.0,Mitsubishi,34
36797,Mitsubishi Outlander Sport 4WD 2.4L,-1,25,168.0,AWD,237.0,119.0,88.2,37.3,,84.9,346.0,Mitsubishi,34
36798,Porsche Macan S,-1,20,348.0,AWD,528.0,190.0,118.0,45.4,,105.0,427.0,Porsche,38
36800,Ford Explorer HEV RWD,-1,27,318.0,RWD,438.0,109.0,108.0,47.0,77.3,77.3,316.0,Ford,14
36803,Bugatti Chiron,-1,11,1500.0,AWD,31593.0,360.0,3260.0,46.3,,198.0,805.0,Bugatti,6
36805,Lamborghini Aventador Coupe,-1,10,770.0,AWD,3697.0,381.0,438.0,37.8,,210.0,852.0,Lamborghini,24
36807,Audi TTS Coupe,-1,25,220.0,AWD,437.0,152.0,108.0,36.5,,83.7,342.0,Audi,3
36808,Kia Rio,-1,36,120.0,FWD,141.0,82.4,78.5,32.9,,58.7,240.0,Kia,23
36809,Lexus LS 500,-1,22,416.0,RWD,667.0,178.0,132.0,48.7,,97.8,399.0,Lexus,26
36811,Lexus LS 500 AWD,-1,20,416.0,AWD,695.0,189.0,135.0,50.4,,104.0,424.0,Lexus,26
36812,Kia K5 2.5L,-1,27,290.0,FWD,268.0,110.0,91.3,36.9,,78.5,320.0,Kia,23
36813,Cadillac Escalade 2WD Diesel,-1,23,277.0,RWD,680.0,136.0,133.0,54.1,,82.7,380.0,Cadillac,8
36814,Chevrolet Tahoe 2WD Diesel 3.0L,-1,24,277.0,RWD,450.0,134.0,110.0,56.1,,81.5,375.0,Chevrolet,9
36815,Chevrolet Suburban 2WD Diesel 3.0L,-1,23,277.0,RWD,474.0,136.0,112.0,57.4,,82.7,380.0,Chevrolet,9
36816,GMC Yukon 2WD Diesel 3.0L,-1,23,277.0,RWD,454.0,136.0,110.0,54.5,,82.7,380.0,GMC,15
36817,GMC Yukon XL 2WD Diesel 3.0L,-1,23,277.0,RWD,477.0,136.0,112.0,57.4,,82.7,380.0,GMC,15
36818,Chrysler Pacifica Hybrid,82,29,300.0,FWD,285.0,68.8,99.7,47.3,12.1,138.0,116.0,Chrysler,10
36819,Audi e-tron,78,-1,355.0,AWD,513.0,50.3,81.8,44.7,47.5,191.0,,Audi,3
36823,Porsche 911 Carrera,-1,20,379.0,RWD,871.0,190.0,152.0,37.8,,105.0,427.0,Porsche,38
36824,Porsche 911 Carrera Cabriolet,-1,20,379.0,RWD,983.0,190.0,164.0,46.6,,105.0,427.0,Porsche,38
36825,Porsche 911 Carrera S Manual,-1,21,443.0,RWD,1010.0,187.0,166.0,37.3,,103.0,420.0,Porsche,38
36826,Porsche 911 Carrera S Auto,-1,20,443.0,RWD,1010.0,193.0,166.0,38.0,,106.0,434.0,Porsche,38
36827,Porsche 911 Carrera S Cabriolet Manual,-1,20,443.0,RWD,1122.0,194.0,178.0,38.5,,107.0,436.0,Porsche,38
36828,Porsche 911 Carrera S Cabriolet Auto,-1,20,443.0,RWD,1122.0,193.0,178.0,39.3,,106.0,434.0,Porsche,38
36829,Porsche 911 Carrera 4,-1,20,379.0,AWD,935.0,190.0,159.0,38.6,,105.0,427.0,Porsche,38
36830,Porsche 911 Carrera 4 Cabriolet,-1,20,379.0,AWD,1047.0,190.0,170.0,39.9,,105.0,427.0,Porsche,38
36831,Porsche 911 Carrera 4S Manual,-1,20,443.0,AWD,1074.0,194.0,173.0,38.2,,107.0,436.0,Porsche,38
36832,Porsche 911 Carrera 4S Auto,-1,20,443.0,AWD,1074.0,193.0,173.0,38.8,,106.0,434.0,Porsche,38
36834,Porsche 911 Carrera 4S Cabriolet Manual,-1,20,443.0,AWD,1186.0,197.0,184.0,39.4,,108.0,442.0,Porsche,38
36835,Porsche 911 Carrera 4S Cabriolet Auto,-1,20,443.0,AWD,1186.0,193.0,184.0,40.1,,106.0,434.0,Porsche,38
36836,Porsche 911 Targa 4,-1,20,379.0,AWD,1047.0,190.0,170.0,40.2,,105.0,427.0,Porsche,38
36837,Porsche 911 Targa 4S Manual,-1,20,443.0,AWD,1186.0,197.0,184.0,39.8,,108.0,442.0,Porsche,38
36838,Porsche 911 Targa 4S Auto,-1,20,443.0,AWD,1186.0,193.0,184.0,40.5,,106.0,434.0,Porsche,38
36839,Mercedes-Benz C300,-1,27,255.0,RWD,365.0,142.0,101.0,38.7,,78.0,319.0,Mercedes-Benz,33
36840,Tesla Model S Performance (19in Wheels),110,-1,778.0,AWD,807.0,35.4,97.3,37.7,50.0,134.0,,Tesla,42
36841,Tesla Model S Performance (21in Wheels),96,-1,778.0,AWD,847.0,40.8,99.9,37.7,50.0,155.0,,Tesla,42
36842,Mercedes-Benz AMG GT Coupe,-1,17,523.0,RWD,1017.0,228.0,167.0,40.3,,126.0,511.0,Mercedes-Benz,33
36843,Mercedes-Benz AMG GT C Coupe,-1,17,550.0,RWD,1324.0,233.0,198.0,41.3,,128.0,522.0,Mercedes-Benz,33
36848,Mercedes-Benz AMG C63 S Convertible,-1,20,503.0,RWD,751.0,194.0,140.0,45.3,,107.0,436.0,Mercedes-Benz,33
36849,Mercedes-Benz AMG C63 Convertible,-1,20,469.0,RWD,685.0,194.0,133.0,45.1,,107.0,436.0,Mercedes-Benz,33
36850,Mercedes-Benz AMG C63 S Coupe,-1,20,503.0,RWD,687.0,192.0,134.0,44.1,,105.0,430.0,Mercedes-Benz,33
36851,Mercedes-Benz AMG C63 Coupe,-1,20,469.0,RWD,620.0,192.0,127.0,43.9,,105.0,430.0,Mercedes-Benz,33
36852,Mercedes-Benz AMG C43 4matic Coupe,-1,22,385.0,AWD,518.0,176.0,117.0,42.9,,96.8,395.0,Mercedes-Benz,33
36853,Mercedes-Benz AMG C43 4matic Convertible,-1,22,385.0,AWD,575.0,176.0,122.0,44.9,,96.8,395.0,Mercedes-Benz,33
36854,Mercedes-Benz S560 Convertible,-1,19,463.0,RWD,1229.0,199.0,188.0,49.4,,110.0,447.0,Mercedes-Benz,33
36856,Mercedes-Benz AMG S63 4matic Plus Convertible,-1,17,603.0,AWD,1627.0,224.0,229.0,49.7,,123.0,502.0,Mercedes-Benz,33
36857,Mercedes-Benz AMG C63,-1,20,469.0,RWD,602.0,192.0,125.0,42.0,,105.0,430.0,Mercedes-Benz,33
36858,Mercedes-Benz AMG C63 S,-1,20,503.0,RWD,669.0,192.0,132.0,42.2,,105.0,430.0,Mercedes-Benz,33
36859,Mercedes-Benz S560 4matic Coupe,-1,19,463.0,AWD,1153.0,199.0,181.0,49.1,,110.0,447.0,Mercedes-Benz,33
36860,Mercedes-Benz AMG S63 4matic Plus Coupe,-1,19,603.0,AWD,1519.0,199.0,218.0,47.8,,110.0,447.0,Mercedes-Benz,33
36861,Mercedes-Benz AMG C43 4matic,-1,21,385.0,AWD,496.0,182.0,114.0,41.6,,100.0,409.0,Mercedes-Benz,33
36863,Mercedes-Benz AMG E63 S 4matic Plus,-1,19,603.0,AWD,943.0,208.0,160.0,47.2,,114.0,466.0,Mercedes-Benz,33
36864,Nissan Maxima,-1,24,300.0,FWD,325.0,164.0,97.0,39.5,,90.2,368.0,Nissan,35
36865,Nissan Sentra,-1,33,149.0,FWD,170.0,90.9,81.4,35.2,,64.7,265.0,Nissan,35
36867,Nissan Sentra SR,-1,31,149.0,FWD,191.0,94.8,83.5,35.5,,67.5,276.0,Nissan,35
36868,Mercedes-Benz AMG E63 S 4matic Plus (SW),-1,19,603.0,AWD,987.0,208.0,164.0,47.2,,114.0,466.0,Mercedes-Benz,33
36869,Ford Ranger 4WD,-1,22,270.0,AWD,252.0,138.0,89.7,44.7,,98.2,400.0,Ford,14
36870,Ford Bronco Sport 4WD 1.5L,-1,26,181.0,AWD,235.0,113.0,88.0,38.7,,80.8,330.0,Ford,14
36871,Ford Bronco Sport 4WD 2.0L,-1,23,250.0,AWD,288.0,130.0,93.3,40.6,,92.3,377.0,Ford,14
36872,Land Rover Evoque,-1,23,246.0,AWD,380.0,170.0,103.0,42.8,,93.7,382.0,Land,25
36873,Land Rover Discovery Sport,-1,21,246.0,AWD,368.0,187.0,101.0,43.3,,103.0,420.0,Land,25
36874,Mercedes-Benz AMG GLC43 4matic,-1,20,385.0,AWD,526.0,190.0,117.0,44.6,,105.0,427.0,Mercedes-Benz,33
36875,Mercedes-Benz AMG GLC43 4matic Coupe,-1,20,385.0,AWD,570.0,197.0,122.0,44.9,,108.0,442.0,Mercedes-Benz,33
36876,Mercedes-Benz AMG GLC63 4matic Plus,-1,18,469.0,AWD,649.0,220.0,130.0,47.5,,121.0,494.0,Mercedes-Benz,33
36878,Mercedes-Benz AMG GLC63 4matic Plus Coupe,-1,18,469.0,AWD,675.0,220.0,132.0,47.8,,121.0,494.0,Mercedes-Benz,33
36879,Mercedes-Benz AMG GLC63 S 4matic Plus Coupe,-1,18,503.0,AWD,742.0,220.0,139.0,47.8,,121.0,494.0,Mercedes-Benz,33
36880,Mercedes-Benz AMG GLE63 S 4matic Plus Coupe,-1,17,603.0,AWD,1018.0,233.0,167.0,54.4,,128.0,522.0,Mercedes-Benz,33
36882,Mercedes-Benz GLE580 4matic,-1,19,483.0,AWD,692.0,204.0,134.0,53.5,,112.0,457.0,Mercedes-Benz,33
36883,Mercedes-Benz GLS580 4matic,-1,18,483.0,AWD,867.0,215.0,152.0,57.4,,118.0,482.0,Mercedes-Benz,33
36884,Mercedes-Benz AMG G63,-1,14,577.0,AWD,1373.0,272.0,203.0,58.1,,149.0,608.0,Mercedes-Benz,33
36885,Volkswagen ID.4 1st,97,-1,201.0,RWD,320.0,40.4,68.9,36.1,41.0,153.0,,Volkswagen,44
36886,Volkswagen ID.4 Pro S,97,-1,201.0,RWD,285.0,40.4,66.5,36.1,41.0,153.0,,Volkswagen,44
36887,BMW M4 Coupe,-1,19,473.0,RWD,630.0,208.0,128.0,41.6,,114.0,466.0,BMW,4
36889,BMW M4 Competition Coupe,-1,19,503.0,RWD,656.0,208.0,131.0,42.0,,114.0,466.0,BMW,4
36890,BMW 228i Gran Coupe,-1,27,228.0,FWD,313.0,141.0,95.9,38.5,,77.6,317.0,BMW,4
36891,BMW M3,-1,19,473.0,RWD,613.0,208.0,126.0,41.7,,114.0,466.0,BMW,4
36892,BMW M3 Competition,-1,19,503.0,RWD,639.0,208.0,129.0,42.1,,114.0,466.0,BMW,4
36893,Mercedes-Benz AMG CLA45 4matic,-1,23,382.0,AWD,486.0,166.0,113.0,40.3,,91.3,372.0,Mercedes-Benz,33
36895,Mitsubishi Mirage Manual,-1,36,76.0,FWD,125.0,82.4,76.9,27.0,,58.7,240.0,Mitsubishi,34
36896,Mitsubishi Mirage Auto,-1,39,76.0,FWD,137.0,76.7,78.1,27.5,,54.6,224.0,Mitsubishi,34
36901,Hyundai Ioniq Blue,-1,59,104.0,FWD,204.0,50.6,84.8,33.7,1.1,36.0,148.0,Hyundai,18
36902,Mercedes-Benz AMG GLA45 4matic,-1,23,382.0,AWD,478.0,170.0,113.0,41.8,,93.7,382.0,Mercedes-Benz,33
36903,Mercedes-Benz AMG GLB35 4matic,-1,23,302.0,AWD,434.0,168.0,108.0,42.0,,92.3,377.0,Mercedes-Benz,33
36909,Mercedes-Benz G550,-1,18,416.0,AWD,1156.0,216.0,181.0,55.7,,119.0,484.0,Mercedes-Benz,33
36911,Porsche 718 Boxster GTS Manual,-1,20,394.0,RWD,780.0,197.0,143.0,36.1,,108.0,442.0,Porsche,38
36912,Porsche 718 Boxster GTS Auto,-1,21,394.0,RWD,813.0,184.0,146.0,36.7,,101.0,413.0,Porsche,38
36913,Porsche 718 Spyder Manual,-1,19,414.0,RWD,854.0,200.0,151.0,36.5,,110.0,449.0,Porsche,38
36914,Porsche 718 Spyder Auto,-1,20,414.0,RWD,882.0,190.0,153.0,37.1,,105.0,427.0,Porsche,38
36915,Porsche 718 Cayman GTS Manual,-1,20,394.0,RWD,762.0,197.0,141.0,36.2,,108.0,442.0,Porsche,38
36916,Porsche 718 Cayman GTS Auto,-1,21,394.0,RWD,794.0,184.0,145.0,36.8,,101.0,413.0,Porsche,38
36917,Porsche 718 Cayman GT Manual,-1,19,414.0,RWD,879.0,200.0,153.0,36.6,,110.0,449.0,Porsche,38
36918,Porsche 718 Cayman GT Auto,-1,20,414.0,RWD,908.0,190.0,156.0,37.1,,105.0,427.0,Porsche,38
36919,Nissan NV200 Cargo Van,-1,25,131.0,FWD,206.0,120.0,85.1,37.1,,85.4,348.0,Nissan,35
36920,Ford Expedition 2WD,-1,19,375.0,RWD,439.0,155.0,109.0,54.8,,110.0,449.0,Ford,14
36923,Lincoln Navigator 2WD,-1,18,450.0,RWD,669.0,163.0,132.0,56.7,,116.0,474.0,Lincoln,27
36924,Lincoln Navigator L 2WD,-1,18,450.0,RWD,748.0,166.0,140.0,58.1,,118.0,482.0,Lincoln,27
36925,Cadillac Escalade 4WD Diesel,-1,22,277.0,AWD,706.0,142.0,136.0,55.7,,86.5,398.0,Cadillac,8
36927,Chevrolet Tahoe 4WD Diesel 3.0L,-1,22,277.0,AWD,476.0,142.0,112.0,58.1,,86.5,398.0,Chevrolet,9
36928,Chevrolet Suburban 4WD Diesel 3.0L,-1,22,277.0,AWD,500.0,142.0,115.0,59.5,,86.5,398.0,Chevrolet,9
36929,Ford Expedition 4WD,-1,19,375.0,AWD,466.0,157.0,111.0,56.9,,112.0,457.0,Ford,14
36931,GMC Yukon XL 4WD Diesel 3.0L,-1,22,277.0,AWD,504.0,142.0,115.0,59.1,,86.5,398.0,GMC,15
36934,GMC Yukon 4WD Diesel 3.0L,-1,22,277.0,AWD,480.0,142.0,113.0,56.3,,86.5,398.0,GMC,15
36935,Lincoln Navigator 4WD,-1,18,450.0,AWD,692.0,170.0,134.0,58.8,,121.0,492.0,Lincoln,27
36936,Ford Mustang Mach-E AWD,93,-1,266.0,AWD,334.0,41.9,69.8,38.3,34.0,159.0,,Ford,14
36937,Ford Mustang Mach-E AWD Extended,90,-1,346.0,AWD,380.0,43.3,72.9,38.9,44.0,164.0,,Ford,14
36938,Ford Mustang Mach-E RWD,99,-1,266.0,RWD,311.0,39.3,68.2,36.7,34.0,149.0,,Ford,14
36939,Ford Mustang Mach-E RWD Extended,97,-1,290.0,RWD,356.0,40.1,71.3,37.2,44.0,152.0,,Ford,14
36940,Karma GS-6 (21-inch wheels),70,26,536.0,RWD,736.0,81.0,139.0,47.8,21.2,185.0,67.5,Karma,22
36942,Ford GT,-1,14,660.0,RWD,4388.0,273.0,508.0,37.8,,150.0,612.0,Ford,14
36943,BMW 230i xDrive Convertible,-1,24,248.0,AWD,385.0,159.0,103.0,41.6,,87.4,357.0,BMW,4
36946,Alfa Romeo Giulia 2.9L,-1,20,505.0,RWD,656.0,194.0,131.0,41.5,,107.0,436.0,Alfa,1
36948,Hyundai Elantra Hybrid Blue,-1,54,139.0,FWD,207.0,54.9,85.1,34.0,39.1,39.1,161.0,Hyundai,18
36949,Ford F150 2WD HEV,-1,25,430.0,RWD,362.0,117.0,101.0,45.9,1.1,83.4,341.0,Ford,14
36950,Ford Ranger 2WD,-1,23,270.0,RWD,218.0,130.0,86.2,42.4,,92.3,377.0,Ford,14
36951,Ford F150 4WD Diesel 3.0L,-1,23,250.0,AWD,372.0,140.0,102.0,49.9,,85.2,392.0,Ford,14
36954,Mercedes-Benz Metris (Passenger Van),-1,20,208.0,RWD,323.0,191.0,96.9,46.4,,105.0,427.0,Mercedes-Benz,33
36956,Mercedes-Benz Metris (Cargo Van),-1,21,208.0,RWD,286.0,184.0,93.2,44.0,,101.0,413.0,Mercedes-Benz,33
36958,Alfa Romeo Stelvio AWD 2.9L,-1,19,505.0,AWD,709.0,200.0,136.0,45.6,,110.0,449.0,Alfa,1
36959,Porsche Macan,-1,21,248.0,AWD,457.0,187.0,110.0,43.8,,103.0,420.0,Porsche,38
